actual,predicted
5693.127902,6159.886
4156.0,3794.487
1788.0,1752.5358
12084.0,12310.248
2956.0,3342.522
4187.0,6628.521
3543.52602,3673.496
13566.0,11917.042
3847.0,4211.307
1664.0,1684.5416
4401.0,5110.2007
968.0,1138.6375
3324.0,3942.2363
8336.0,7726.7944
6853.0,6692.7295
8156.0,7309.409
1280.0,1688.6324
7044.0,5726.3125
1464.338121,2141.6335
5562.0,5432.1016
6900.0,7739.0205
3326.0,3026.18
5874.0,5521.187
1640.0,1497.4785
2916.073105,4694.7593
2741.508334,3795.9656
1889.411523,2489.643
1162.0,1220.2118
4317.0,4339.8477
2227.0,2072.5806
2837.012072,3209.3003
2412.0,2424.3337
13423.0,14704.872
2293.0,2534.372
3149.0,4124.389
5144.07029,4513.004
4278.997157,4191.9873
2676.0,3475.4585
14919.0,15620.525
4765.0,2492.5962
6747.0,6519.5947
3515.0,4673.445
9947.768204,10171.954
3338.0,4934.1895
4155.0,5164.2236
4018.0,4058.2585
7037.0,3545.1694
4349.0,2454.9656
1209.0,1105.0254
6487.0,5181.6533
3454.498488,3323.929
4380.0,3723.8438
7269.0,7114.194
4031.0,4260.696
5757.0,5982.7305
5283.819205,5806.7803
4052.0,4694.445
16275.0,14059.779
2324.997056,2963.9177
7555.0,13910.419
2949.0,3492.9336
3224.0,3220.185
3672.145695,5446.993
5390.297758,5296.1797
2139.0,3840.8442
2751.0,2919.11
4145.0,4604.833
16347.0,13095.887
5167.0,4259.1016
1797.0,1579.9036
3482.0,3133.3381
2705.0,3453.2778
2623.0,2585.4644
7450.0,9170.542
2896.051213,2883.7798
17783.0,17411.98
2939.994278,3013.1738
7506.0,6710.168
3441.0,3089.7544
6320.0,6577.9766
2714.145256,2261.8809
8672.0,8464.474
8226.0,6359.601
3525.43992,3958.696
1051.0,1133.467
5747.0,4506.084
2743.0,1858.6754
2258.769636,3267.3574
15679.0,12914.777
3756.0,4506.456
7908.0,9304.0
6917.0,7898.048
1852.0,1894.9652
2807.0,2162.1567
4796.0,5225.909
4437.0,4080.0337
3401.933495,3298.7827
8603.0,8053.052
2781.0,2048.0164
1614.0,1377.2131
6493.0,7767.496
3168.001967,3610.0918
10436.0,12377.029
2638.0,2456.186
2770.0,3766.6392
2706.71208,2341.5369
2936.0,3170.9517
1695.953474,1754.7242
2453.004983,2788.1875
1437.436974,1457.7457
3444.0,4345.554
4995.0,4405.218
6585.0,5736.1675
2886.0,2349.0432
3625.0,6440.6543
2128.155209,3382.7434
5657.0,4172.8643
4136.002174,4086.1113
1295.0,1682.8411
13377.0,14002.5
4832.0,4867.5063
4401.110018,3708.3157
10882.0,9742.885
8409.0,6038.235
878.892807,1519.0942
3172.543559,3270.198
3619.0,3811.2075
2615.0,2670.1897
1446.0,1255.9478
729.0,911.7329
15496.642061,12949.244
2981.03264,3329.5952
13409.496351,16183.278
4154.0,3342.2915
5737.140771,4041.228
1968.0,2734.443
10391.0,7228.5728
5534.0,4709.8647
5812.863017,5550.3125
694.0,1068.7125
4137.0,3854.6426
4896.0,4728.654
11008.709918,9481.3
3992.0,3262.1997
6058.0,5875.2256
1316.0,1216.1963
21725.0,14858.644
4830.0,5713.222
11205.299627,11443.767
1579.0,1647.5579
10635.394724,8273.956
1200.0,893.9916
2622.466787,3211.586
3326.0,4421.3037
5207.054212,4822.9834
12711.0,11650.143
3504.0,2637.5024
13676.0,6074.612
6234.140307,7102.357
1323.0,1895.0629
2509.0,2954.2498
5337.780563,6321.091
2903.357628,2525.4302
2745.0,2950.7566
4523.950583,4152.5327
3275.0,3313.8567
1170.0,1050.0286
5926.0,6125.7407
2231.0,2873.9844
1179.0,1088.492
4401.352619,4009.714
1319.611838,1486.1824
1563.0,2136.8962
8550.0,10823.097
8016.0,9107.725
3708.340157,3209.7922
3034.0,3481.3242
996.0,1195.8424
4932.0,5324.9507
11102.0,11601.198
2262.310196,3069.5322
3164.0,3374.2883
2505.0,2664.68
4095.0,3881.8254
6678.0,7088.4404
1444.0,1510.8713
7004.0,8094.169
4147.0,4436.96
2222.0,2891.4077
3687.311068,4164.576
7308.0,4872.8716
5610.0,5208.4526
4000.0,4726.9326
16897.0,10067.916
4572.0,4666.032
1446.0,1255.9478
3639.0,3415.6782
1599.0,1970.4957
11605.0,8225.933
5064.111279,4395.0186
1671.0,1803.8783
2816.0,3142.0298
8413.197859,7336.323
1400.0,1788.05
2140.885544,1747.8044
3547.914927,4435.4795
3778.942282,4337.305
5520.0,7199.3486
2244.0,2673.0698
7806.288658,9280.756
17550.0,14076.362
6454.0,5848.2783
2831.140638,3453.7988
10771.0,10934.2295
2541.339563,3024.9524
15043.0,14675.888
5647.0,5366.8086
3102.0,3753.7332
3811.0,3476.795
9664.526173,9267.684
14782.283773,12220.443
7644.0,4389.63
3291.736921,4252.726
15953.0,11700.024
6965.998,6113.5186
6907.0,6303.3057
3421.0,3971.7312
1152.0,1199.9244
4074.0,5859.8857
14038.946588,14538.778
3680.587773,3773.5574
3485.0,3727.4497
2606.130961,3005.202
988.0,1354.9567
1131.0,1098.653
3983.001,2870.7612
3359.0,3615.9868
11574.0,10725.951
4831.0,4452.726
6844.0,5411.765
1339.0,1685.7689
8282.0,10169.195
8579.432585,9188.303
3702.0,4137.4463
2752.0,3175.083
8594.588209,5956.193
4544.0,3584.0835
1789.421367,2442.1628
6905.0,5344.9507
8954.0,9096.514
8135.0,7264.021
5077.673438,4985.1436
1825.0,1500.4631
4451.4563,4656.896
3769.008164,2996.7153
1115.0,1340.1738
3321.890724,2727.3875
4630.0,5024.812
6342.0,5972.604
5516.0,6487.5933
3480.0,3155.9998
6553.0,7897.672
1684.0,2340.0322
8212.0,9061.823
4114.0,4185.4985
3787.156572,3017.3606
8894.440296,7963.8726
494.660015,487.02167
2940.0,3359.5735
7374.120925,7058.4155
11003.0,9800.583
5181.0,4716.4814
1049.0,1510.0465
6052.0,6561.5547
866.267091,1301.6781
4022.272013,3684.4966
7143.0,6657.45
1482.398254,1841.014
2958.0,3116.9998
5126.0,4998.808
6644.0,4788.1147
16576.450744,16926.588
4577.0,5287.4756
4822.0,3425.4766
2740.0,2690.9204
2461.0,3830.0417
3995.969362,4480.964
1772.999631,1653.8965
3121.0,3291.5715
962.0,1222.4431
2618.0,3853.4954
2254.0,2152.9353
11101.0,9212.653
7787.0,7802.944
4543.0,4545.7344
1160.0,2053.3406
7289.0,9271.369
4496.0,4473.1943
5.827791,3494.1243
3969.0,2990.1626
2118.0,2584.4246
5013.0,6007.9346
6397.0,6818.0986
5645.501082,4150.2847
1486.0,1333.9896
5841.759792,4479.1816
7975.0,7361.4116
3844.0,3810.427
8381.231136,8329.416
1240.0,1716.2692
8605.0,9066.914
2277.0,1987.9808
5413.031947,5857.3877
2641.0,4243.2773
3345.315496,2573.7085
2179.0,1894.5492
7770.0,6947.228
6260.0,5595.16
3364.0,2574.3733
8082.64595,8598.511
3908.0,4013.575
5290.0,4989.8477
3156.0,3887.646
4167.0,3516.9133
3645.0,2820.3164
15107.0,9852.469
10438.25551,10796.419
1170.0,1269.9333
5065.0,5294.9956
2396.0,2662.1
4977.0,5862.1787
8843.0,9476.154
1474.888721,1381.6012
5671.0,4650.167
3313.0,3326.4546
1635.618208,1907.235
1013.0,1193.1716
11906.731254,9506.792
1002.0,1054.528
17725.0,17065.39
570.0,1164.022
3913.0,3932.7085
3889.0,4373.2993
16232.0,16969.832
2859.0,2621.8528
2871.0,3644.851
1401.23712,1507.2148
14575.0,6599.786
5433.0,6200.3916
6082.0,5945.194
5155.0,4186.745
4063.0,3505.6008
5198.0,5259.432
7684.716104,7512.1377
4240.0,4258.1943
8238.0,7716.081
2278.0,2240.0845
6676.0,6703.3545
2737.0,1483.7836
3111.0,2863.111
3263.0,3606.1929
6247.0,4477.921
3059.0,3720.4395
11304.0,12333.919
1983.0,2037.6633
1153.0,1383.2607
8779.0,9446.942
1878.0,2242.7705
7616.0,6842.2827
2247.0,2554.919
3779.0,4662.1777
5002.0,6812.4805
1022.0,1333.771
1601.0,1769.5046
3013.0,2976.344
5745.0,6051.247
4678.0,5109.809
3406.0,4240.241
1771.0,2374.489
3187.0,3453.9673
3913.0,4733.1133
4479.0,3361.9019
2041.0,2080.721
3700.0,4307.4873
7897.0,7450.9873
4039.0,3752.8262
4790.0,5856.181
11863.0,14024.467
2694.0,3031.1963
9911.0,9221.743
2518.0,3741.2446
1958.0,2266.8662
5739.0,3861.0051
3563.902618,2829.512
2405.0,2991.224
922.0,1096.1417
3357.74309,3836.4468
2362.0,2583.508
3959.778879,5337.619
2097.506535,2051.0864
1017.0,902.32794
3784.95034,4337.305
2187.0,2575.337
11671.0,12039.339
4373.0,4310.079
3658.0,3971.3704
2359.260517,2172.1157
3102.673079,3027.3635
3035.0,3925.3809
1800.0,2111.2761
2903.871579,4244.1846
2452.0,3278.6414
4781.365055,3720.0696
4134.876667,4018.493
9169.651938,7991.1836
2138.0,2288.9995
3546.673465,6324.6147
10990.064777,9354.813
2974.0,2975.1414
4383.0,5934.148
5096.509902,6118.35
1816.263889,1983.5941
1347.0,1390.8104
3105.0,3371.1304
4960.0,4013.6863
1786.045112,2116.118
17625.0,3788.007
1716.0,2480.6692
4370.783087,4977.237
5153.0,5711.488
2572.0,3656.35
2890.165827,3682.353
4546.803644,3955.2063
6443.0,7801.3555
5392.0,5494.0273
3467.272243,3704.7114
5612.307271,5853.9106
6210.0,5000.0264
3686.0,4713.5645
2464.0,3782.395
2154.0,3794.602
6812.0,7026.693
5112.94783,5346.2607
4657.0,4713.6685
2823.416926,3256.6284
5823.458946,6562.129
2680.0,3056.1067
3427.0,3886.3582
1152.488388,1416.3844
1025.366753,1237.4913
5027.0,6052.2085
12122.839428,10917.291
5095.0,4652.416
6784.0,7808.8643
2751.0,3416.7278
2087.0,2412.98
3787.0,3453.0269
11652.0,10193.357
8234.0,6015.155
5286.0,5199.527
14284.0,9080.896
5011.0,5589.548
3087.0,3183.153
1550.959744,1925.0394
5621.0,3808.727
11106.0,9631.997
1565.0,1751.2549
2941.884283,2823.4778
3141.0,3617.2095
6965.0,2840.3745
3188.958184,2702.0435
15423.0,14531.372
2887.0,2566.6228
3395.968,3587.8054
6526.0,7002.704
12959.0,12732.769
4028.0,4571.3584
10593.0,4793.25
3396.0,2770.1787
8802.184486,6875.4346
3381.0,2955.1736
5684.61819,4836.133
1307.0,1916.3447
8641.0,7531.6
4834.028906,4018.7683
1158.0,1850.5076
3041.0,2993.7993
12450.0,11570.363
2632.097382,2536.3325
1731.0,1678.1285
4024.0,5320.7607
5641.264641,5791.9697
1362.0,1305.9661
6325.0,7367.914
3286.0,4107.1494
3373.0,3076.7297
1192.0,1586.1301
7588.247943,7095.7095
3299.0,3121.417
2866.0,2495.5112
2097.0,2160.3884
2439.0,3230.4546
7121.0,8720.283
2693.0,3442.6758
1873.0,2202.2334
5380.0,5701.1846
5363.0,4050.6206
1314.752057,862.65643
7946.0,8179.358
5998.0,5816.0625
5129.580198,6575.0103
2344.0,2431.4614
4498.0,4132.853
5854.0307,8327.92
3067.0,5131.35
855.0,991.5508
2510.0,1890.5094
1524.716146,1261.7523
1116.25776,1439.6725
5166.0,5585.243
981.0,1191.8264
2225.0,1936.6042
2906.0,2997.707
1094.0,1249.9283
1705.0,1982.5911
1885.989419,2005.7496
3569.0,2716.1816
1873.0,2036.2825
851.49049,1092.5449
4524.0,3925.4473
4867.0,3619.2395
3367.219326,4238.213
1723.0,1200.9412
1264.0,1201.5688
15603.0,12621.037
2869.0,2208.446
9245.0,7430.505
12207.0,11338.108
3479.957664,3334.9702
3493.0,3104.309
5098.0,5200.053
1913.0,2609.1611
3075.0,3766.6426
4992.0,3763.6646
2500.0,2288.6687
8899.0,10848.928
5824.0,7761.5264
7374.0,5310.364
5927.0,6186.218
4095.0,2640.0054
1220.0,1391.2654
3510.0,4814.8896
2795.892584,2378.8315
3573.601491,3135.3975
3872.882762,3188.868
1330.0,1005.8084
3676.0,3407.8262
4636.0,4668.4014
4260.0,4610.2393
3092.0,3086.862
6587.44068,5684.2773
3121.001,3573.6062
5121.119636,4964.9233
2759.0,2716.0432
1339.0,1685.7689
4624.0,4439.4736
4366.0,5318.5225
2759.0,2576.1814
4796.0,3990.9722
7989.0,7516.4717
3158.0,3666.1172
1275.41335,1405.6497
7442.0,5542.569
3750.0,2653.768
2824.0,2825.5513
9264.755559,9744.943
2812.61299,2891.7134
4209.0,4423.0586
8208.0,9381.855
3659.362207,3569.582
2855.0,3110.6492
7187.0,6818.7554
4563.567992,4870.957
3628.0,3607.9546
2765.0,1855.6443
3418.0,3198.1746
2821.0,2543.466
6820.0,7450.6396
9465.519988,10460.5625
3787.0,3766.3296
3261.0,2716.702
2464.002489,2430.0535
1261.0,1468.0623
1325.0,1230.9574
2220.0,3340.9487
9938.180324,9399.017
1868.0,2930.5747
3083.0,3372.843
2431.0,2491.4453
5228.326755,6125.417
2899.0,3919.6343
5572.0,5021.9883
2725.84629,3068.2104
3335.0,4060.8093
9522.0,9742.037
1650.0,2016.7903
7168.0,6438.6587
5639.080385,5174.246
2523.0,1936.0121
2228.0,1773.305
7920.0,8505.932
3388.0,3792.643
723.0,978.93713
781.0,1008.397
2343.590714,2310.7056
3539.0,4143.083
1366.0,1122.9033
7816.0,6641.4155
862.0,1064.09
3087.0,2829.4507
2134.433331,1571.2777
3163.224732,2711.5815
3087.0,3328.3691
4005.0,4182.7817
1644.0,2878.7397
1516.0,2192.6863
6709.999,6339.7666
5049.070123,4163.4
7737.0,7006.172
2992.0,3955.6348
1062.0,1115.1268
2655.0,2676.1516
4936.0,5462.133
5898.0,4710.1963
12722.662502,12891.232
4175.754104,2950.6553
3079.200123,2897.5222
18880.0,16297.314
7323.0,6447.946
2081.0,1805.2094
7624.0,5528.5645
9357.0,9406.003
4259.0,3540.5286
4784.0,5157.214
4507.0,5082.8545
2686.0,2515.0708
4828.0,4184.499
5045.0,4871.4624
1441.0,1283.6116
3311.0,2771.5635
3380.498918,3237.0742
3197.0,3794.134
5452.448873,4952.2563
2441.0,2320.3862
1083.0,1123.8477
5718.0,8099.0205
4817.788232,4735.0923
1807.287934,1589.9078
1424.0,2252.3503
7705.0,7217.529
3679.0,2907.4453
9886.0,9470.841
3476.0,3387.684
5850.0,5199.575
10607.727987,6880.254
5131.0,3431.2715
1519.0,1299.0521
1629.0,1277.8894
9616.0,8526.143
5356.733021,4938.7075
801.0,931.58905
2130.246001,2734.8657
1351.0,1588.2628
1319.640925,1510.6095
2956.0,2852.472
4235.0,7414.732
1573.0,1544.4766
1624.0,1530.416
7357.0,8878.171
1525.0,1665.6067
1033.0,1066.6409
3437.0,4707.082
6736.0,4396.669
2479.028624,3595.3052
16947.0,17591.754
9297.674389,6616.5576
2068.0,3783.3628
2689.0,3197.4885
3150.0,2176.4321
2494.0,2776.6355
2101.0,1921.9479
2033.0,2836.8452
4203.08317,5898.327
1752.990229,2131.477
2131.0,1920.2994
2863.0,3402.8594
1216.0,1164.6792
1717.376193,1833.1738
5726.0,6110.132
2910.0,3942.0435
4990.0,4978.7646
2325.0,2350.2544
1219.0,1406.0817
6840.0,7552.2944
2755.169083,3307.181
2222.0,2495.9895
5297.0,4463.2876
1214.0,1277.9525
3763.0,4499.9053
10661.0,11537.446
3817.0,3483.9438
2286.542625,1793.4446
2334.0,2731.5188
4824.0,4640.494
3774.0,2803.457
4622.0,4202.504
4441.0,5290.0195
7483.0,7360.186
2476.836826,2615.3066
4219.008261,4777.429
5317.709519,4512.962
5999.0,7032.1514
2543.0,2933.748
3233.0,3133.2412
7419.0,7074.005
6298.0,6885.9766
5897.556942,6083.371
1207.0,1468.0088
5211.0,5391.934
6527.0,6824.728
3909.0,4471.5713
880.0,872.08673
17957.0,18380.527
1290.0,1379.8818
1620.0,2091.331
1643.0,2116.898
3439.0,3608.286
2655.012622,2560.018
5890.0,5210.334
3100.0,2931.1191
4082.0,4399.266
1828.0,2571.9084
5857.0,5693.003
4571.568444,5254.8022
3972.0,3616.6099
2158.0,1839.4229
1978.0,2062.0527
2366.0,2285.6248
16504.320414,15136.422
5484.638968,5496.748
2523.0,3190.9524
2465.0,2677.9448
2124.0,2777.5806
4157.0,3571.4407
1321.0,1461.143
10060.0,9976.264
11972.0,12092.549
6393.0,6794.471
1969.0,1831.691
3058.0,2939.238
8838.214757,7210.2017
7646.0,7236.7812
3965.0,5247.547
1213.0,1053.0875
5632.705262,5387.744
5317.45894,5729.281
962.0,1046.2296
2662.0,3036.7148
3774.264917,4678.555
8641.0,8284.348
3749.211493,3641.8809
5980.0,7445.1055
5458.0,5718.6523
9068.0,7886.698
1332.0,2000.307
2745.0,3266.7769
2811.0,2531.7795
2230.0,2786.0022
1660.0,2263.0078
7918.0,8265.951
1284.0,1460.7236
3519.997077,3523.2769
1442.0,1409.1399
10041.0,8153.596
1051.0,954.0555
1644.0,1994.1686
2352.909338,2169.6233
3934.0,4883.5264
3547.0,2758.983
1781.0,1359.6201
2149.0,1816.3541
867.0,1199.4695
5830.0,6858.4194
6695.0,7604.9053
7948.0,5450.4033
5910.0,6140.567
1361.0,1243.5427
6903.0,7880.214
2856.0,3120.0493
1703.0,2005.4095
5782.0,5662.516
7120.931958,5800.2197
3582.0,3460.1665
8563.409979,7341.642
1414.0,1388.109
12235.0,13814.727
4753.79676,3590.8833
5236.0,5087.2744
6926.0,8161.5366
24016.0,20952.959
6081.0,5843.9673
5329.0,7188.37
4009.013464,4239.013
2268.0,4190.3296
1419.0,1790.4246
2291.0,3103.2676
9566.0,8823.189
5313.0,5542.594
3043.0,2866.5298
3099.0,3062.5767
2400.0,2507.8403
4155.0,7422.37
2353.46185,2652.5513
4957.573293,4805.8994
3544.0,3916.5605
4381.361482,5239.2466
3101.0,3487.6772
6860.0,7386.5117
4970.0,4878.4146
20786.0,20180.494
7388.0,6210.465
940.0,1085.9849
18057.89514,17054.844
2767.0,2970.881
1490.0,1761.6959
3624.737215,2986.4941
2386.0,3080.778
3911.0,4318.9575
4182.0,4679.6006
6240.91273,4538.8223
1410.0,1398.0215
5137.0,5907.087
4587.0,4704.102
5750.661491,6254.7407
5682.0,6462.661
6072.0,5931.1006
3283.0,3449.923
6915.0,6310.714
3239.0,2711.2388
9899.0,8610.633
2748.0,3394.2944
1254.0,1899.0588
2930.0,3167.203
2751.0,3678.4883
6439.0,5712.9736
6779.0,6604.258
2964.759362,3383.9595
1999.0,2444.9312
1578.0,1405.617
4627.0,4478.532
5363.086031,5430.337
1170.0,1597.0006
4037.0,3785.5715
3600.0,2362.9956
1774.0,1309.4114
8718.0,9277.413
9554.0,8240.143
3333.0,3033.7427
4481.0,4235.902
2679.0,1785.4694
12699.0,10977.114
6279.296466,5791.298
1388.0,2071.6646
2373.0,3014.2876
7639.0,5058.2246
12974.0,9868.893
9520.930922,10315.1455
10368.0,11017.627
2609.0,3317.123
2815.0,2976.1128
3207.0,2999.6372
1387.0,1502.613
8667.0,8099.846
3668.982806,4310.1523
5784.489742,5748.723
2714.249235,1933.9348
1369.0,1170.0312
4169.0,6860.6577
1103.0,1734.3193
10917.691126,13250.651
1301.0,1714.3881
16961.0,13173.549
1964.0,1990.0417
4118.0,3531.5566
7578.477598,6212.7666
3613.95642,4276.1455
2582.0,2207.7073
7589.0,6110.541
16054.0,11777.197
2173.0,5229.347
2469.0,2447.3833
4041.0,3578.8413
10450.0,9380.029
6269.0,5793.4585
4539.0,4573.6235
11095.0,11166.904
6195.0,5643.0376
4135.0,4227.9663
6874.0,5981.2446
6329.0,8900.725
1404.247929,1889.1799
2024.0,1934.5686
4728.0,4302.2505
5119.033528,4908.0596
5401.0,4404.9165
906.0,767.0058
3512.0,4068.9038
3748.0,3769.8801
5409.925283,4456.7295
2983.0,3740.161
2937.034794,2151.8872
9578.27592,8994.381
2337.0,1739.3152
1726.269796,1466.9297
13612.0,12904.586
4272.0,3665.7688
8014.925207,7226.508
7597.0,8130.4517
13437.0,12545.8125
3666.0,6657.878
2916.009,2488.0752
1692.0,1983.1243
1821.0,1967.8484
9789.980103,10278.455
2580.0,3085.9404
2677.0,1876.0945
5009.0,5435.13
2313.141027,2688.547
1130.0,1106.7988
7296.0,10261.627
1769.585355,2010.8148
7302.0,6711.107
4428.727462,6614.3154
5401.0,6842.9795
2628.0,3282.709
2066.437024,2400.2883
10477.0,12338.422
2578.25594,2355.7126
10352.0,10077.006
5507.0,4203.4736
6774.0,5211.983
1756.0,1840.4529
1920.0,2056.701
1906.499647,1816.6256
2784.001506,2891.1392
2246.0,2023.2998
3824.0,6475.634
1820.0,2286.9714
9221.0,9432.31
4926.0,4350.97
9496.0,9642.983
1476.0,1745.8226
3505.0,3252.9067
4050.0,4277.573
9426.0,8025.116
1035.0,1305.5858
3166.0,3621.125
11691.0,9180.541
4664.0,4502.082
3426.0,3340.9836
2168.377989,2456.565
15577.0,17524.895
3094.0,4754.301
2703.0,3497.9883
11499.0,10678.995
2143.0,2858.556
1538.0,1539.5205
4586.0,3627.4575
4089.519323,3932.2214
6338.0,5487.046
5569.0,5603.752
2193.383332,2315.7058
1765.0,2937.6262
2976.087752,2736.981
4550.0,5982.2783
4901.535082,4727.5005
3677.873,4118.2686
5191.0,4976.271
693.0,1335.6501
3797.0,3561.0376
5229.0,4935.1396
3599.0,3607.4438
4255.0,4437.794
8084.0,6505.276
3494.0,5291.9893
4467.423029,3547.8945
2267.196282,1335.9495
3153.0,2964.6702
4005.0,3274.48
3519.0,4386.3027
2414.0,1478.9713
872.0,919.40686
2916.783014,2825.4927
3049.574276,3190.3445
9036.0,8836.542
14733.422757,9661.153
5163.0,5214.0103
7257.0,7657.582
1147.769734,2558.2058
5516.0,5106.1685
1977.0,1916.2242
8792.0,8856.93
6012.0,6114.753
3220.0,4951.7227
2693.492343,2707.468
5476.0,5339.7544
5195.970336,4915.8813
3520.0,3687.2993
1307.0,1445.729
3665.251956,3263.1626
13028.0,14656.875
2533.0,2241.142
2002.0,2876.564
1074.0,876.45276
7298.381757,6910.784
10200.0,11523.286
2915.0,3015.243
2898.0,3612.7317
10933.0,10859.581
3386.660087,2933.2632
3166.0,4560.1963
3387.0,3387.9011
8329.0,7146.061
5671.0,5666.198
1072.0,914.5428
3454.804694,3003.9775
6865.0,7755.008
15056.0,15633.536
5951.0,4269.2773
5104.0,4894.3687
18002.529139,18338.463
2991.0,3259.1875
6708.842757,7014.4517
2864.0,3384.9993
3316.0,2627.982
7052.656972,5563.8174
2601.0,2731.4297
8160.0,7075.492
2286.21433,1939.4388
2957.0,2867.1487
5682.12316,4357.5537
16578.28968,13545.175
818.705163,1273.0793
1729.0,2628.8164
6562.431066,6198.9023
4886.0,5854.2085
4184.0,3253.7737
1407.0,1725.9324
1772.0,1354.5873
1010.0,1469.8635
1679.0,1270.8616
10694.444307,11172.481
2094.0,2146.6987
5048.0,4717.718
3997.12558,3972.0227
6037.0,3107.121
816.0,1499.3917
1241.0,1486.82
2156.0,2299.3237
19264.0,14391.447
2388.621407,3189.716
1742.925145,1723.0713
3670.0,3711.2703
2894.0,3214.2546
1195.0,1368.0376
7271.0,6454.358
3955.0,4467.3765
14872.0,14207.362
2134.0,1754.901
3974.0,3053.2837
3849.637734,5359.435
6375.0,6106.5684
1965.0,2547.515
3903.0,2932.4595
5341.0,4708.8306
978.0,1236.3269
1300.124938,1613.804
3571.0,3160.233
2252.0,2992.0222
2447.0,2715.9897
17562.532467,19218.08
3266.0,3145.0757
9014.418102,9521.525
3896.958285,2843.6216
5108.0,3398.4934
3492.0,2001.8821
3319.0,3727.2
1190.0,1397.6771
2893.0,3422.2957
6473.174469,7094.358
7091.0,7855.157
4037.0,7822.3438
5035.0,3698.6414
9951.760169,9827.459
4303.0,2650.0403
4474.0,3436.4954
18081.0,18029.496
2163.0,3459.3293
9457.0,8134.866
13601.0,12094.033
9134.188001,9710.599
1600.0,977.4279
970.0,1137.2135
2545.0,3833.5508
5587.0,5315.9556
5240.0,8242.016
9884.0,10055.162
4827.0,3982.534
3019.0,3506.7285
3289.0,4376.8447
5856.0,5599.991
10795.0,10886.522
5393.0,9124.174
1292.0,1718.6621
8036.0,7172.3623
1400.0,1438.3643
10513.841918,8693.893
5508.392818,6195.2827
8412.0,7083.5186
4010.958908,3513.8633
4589.0,3799.3164
2488.0,2824.5298
2707.0,2709.579
3478.761632,2784.6262
2016.0,1349.5911
2090.681744,2121.4832
1105.0,1315.6317
2020.0,2649.792
13753.0,14890.658
16069.0,14992.594
2302.305121,2449.9956
9366.0,8737.578
2854.937427,2795.1108
2396.0,3012.8525
6641.012062,5964.4697
1717.0,2732.2173
17118.0,18454.062
4951.279039,6038.7515
4475.0,4746.596
19228.0,15208.528
1380.0,1647.1481
1376.0,1345.7135
2746.0,3648.8352
16258.0,10702.265
3697.0,3678.7476
4386.573595,4772.6475
7673.0,6943.841
4149.0,4865.7764
4242.0,4157.5366
7059.0,8380.2
5919.0,6905.7056
1261.0,1341.7523
1956.0,1809.4512
2575.0,2717.6758
3539.0,3393.2036
2247.0,1879.4625
1975.651892,2621.2136
3333.0,3080.321
2906.0,3223.9026
12446.0,10540.21
3530.0,3793.0288
5680.0,2680.829
3222.802377,3732.815
1072.0,1339.2336
13939.367184,15548.721
7083.386312,5822.991
8150.0,7177.249
1624.0,1832.2145
6298.0,5474.727
13071.0,11228.008
5676.0,4690.63
2303.0,2310.7231
4789.014049,3924.1445
3523.0,3581.1855
5376.0,4545.573
3491.0,2534.108
6565.0,4338.9253
4384.074372,4826.0244
2281.0,5035.545
2738.385425,1887.7535
4946.0,4833.6875
7875.676981,10931.031
3289.47022,3643.811
4120.0,3245.6553
9090.0,7892.4507
7621.0,5509.9155
2158.0,2286.5835
2771.0,3918.6238
2500.0,2867.0615
6524.0,7286.532
4172.347721,4476.1577
4249.954338,4702.295
2240.0,2520.0317
6686.0,7488.518
2786.0,3409.8022
7612.369725,9301.692
8296.0,7769.4634
4922.0,6242.279
3474.0,3664.1902
3095.0,3287.4004
2578.0,2652.2417
13375.032598,8572.708
2012.65675,1717.8717
1575.414645,1764.7122
4305.206591,3682.6375
4541.0,5389.9756
3076.0,2592.8416
5811.0,6424.7446
6046.320371,6404.7866
6177.37611,6338.757
4819.0,5922.9985
1604.0,1552.2981
9321.0,7759.215
1497.0,1726.1028
10493.575648,12501.505
4878.0,4037.306
2952.0,3125.1987
5756.0,5953.118
5020.0,3936.339
2993.659276,2598.649
4449.871343,5871.6694
5772.0,6422.7217
11205.672423,10726.919
981.0,1541.4021
4546.0,4272.463
2727.0,1711.3367
6551.097376,5121.218
1401.0,2044.9309
11244.0,9592.158
3795.0,5464.9014
3229.0,2714.5388
6711.0,6732.6924
3810.001717,3382.179
1160.396331,2144.5786
3847.587523,4327.81
1534.627963,1609.391
6820.0,6951.8203
1188.0,1049.4734
4985.0,4280.73
5732.0,4366.573
3464.130786,2110.3098
2017.0,2362.2551
2347.0,3111.6199
2317.0,2695.2488
3190.0,3155.7417
3054.0,3993.9297
3806.0,3316.5723
16413.0,16351.172
7342.0,10011.862
4946.0,4443.698
5881.0,2873.0083
1943.0,2565.2085
5778.0,5816.039
4145.734125,4443.1787
2813.557748,3596.9004
8854.0,8916.365
1107.0,1240.7799
3991.0,3253.7163
8568.0,8559.084
9453.738591,9475.724
1253.0,1970.3811
3413.090465,2961.198
5625.539392,4573.7666
3857.0,4186.008
3490.0,5169.5176
5736.0,5860.2573
10213.0,6177.518
2177.0,2845.7927
3017.0,3259.5098
5798.0,6329.419
5922.0,6967.7915
5141.0,5914.4067
3832.0,3679.6555
5009.0,4820.1484
1900.0,2021.5212
2378.0,1403.5885
9124.969942,5593.704
12092.0,10149.467
3917.0,4200.702
4828.0,4759.517
5888.0,4351.8833
5320.282697,4329.79
5257.0,4813.519
12144.0,13034.7295
11710.0,11408.379
3996.0,3022.8257
2514.0,2109.7712
3012.0,2315.559
3273.0,3831.2056
5570.0,5100.118
5317.0,6754.3623
4813.0,5834.5303
10345.642506,10762.477
2270.0,2343.75
2902.489056,3105.0015
1392.0,1221.699
2249.0,2667.148
16945.0,14735.239
9070.0,9175.167
3961.0,6795.0205
6848.0,5550.471
1749.0,1824.6227
6576.189609,7526.225
5372.0,5343.243
3777.0,5006.9624
7402.26015,5720.573
5448.500103,5882.0303
2696.803413,2448.1067
1361.0,1326.406
6296.0,7260.392
2812.0,2944.1772
1303.0,1375.446
3171.0,3421.1099
4116.0,3344.36
12559.0,8824.753
2093.0,2495.9988
7289.074634,7372.892
12244.0,10538.253
2749.0,2181.2832
1112.0,1232.6512
3502.0,5017.7603
1590.0,2156.401
5645.0,7041.543
5455.0,5634.6304
4202.818094,4065.1726
2236.0,2021.7767
3275.0,4811.3486
2621.0,3139.7976
5841.0,6673.952
7001.0,5004.391
2616.0,3107.3477
10866.0,12171.035
8983.0,10582.3955
4792.0,4083.7864
2363.425724,2208.7148
3341.0,4380.047
4784.0,4616.626
1661.0,2271.6055
16057.0,15370.734
13720.328509,13326.875
1515.0,1869.5437
1896.0,1487.5443
7922.0,7781.5376
2228.538868,2845.7397
3701.976853,3481.1968
3157.0,4460.1445
5690.434273,4768.6357
4098.0,3672.8647
8661.679209,9336.182
4518.18656,4728.032
1707.393745,2083.3474
5645.0,5540.466
4641.0,4790.3813
3499.0,3477.767
2622.0,3813.4949
2451.0,2846.8267
2358.0,2251.5774
4991.0,3627.9136
7423.0,6259.6978
5696.0,5187.587
4131.0,3301.9836
3559.0,2979.909
1376.703226,1372.1729
3661.892218,3916.977
1240.0,1246.3685
4614.0,5291.374
6944.0,8199.084
3793.0,4362.096
1841.0,2160.2002
12306.149011,11612.836
5386.0,5050.566
2925.079104,1895.7184
2007.727529,2863.9194
2987.711309,3524.8906
8185.581911,7895.207
2562.447467,2551.5698
7415.0,7221.251
2545.0,2937.4185
6799.0,5783.5103
6457.0,6497.4033
4706.99453,3427.3003
7080.0,6483.5376
4082.0,3767.4434
4525.008253,3967.5015
8389.0,8595.514
1862.0,1918.3616
3259.742592,3621.5903
5192.77844,8875.036
1440.0,2509.0938
7905.0,6248.2666
4342.822805,3657.7644
6699.335689,7324.2983
1269.856944,1200.4062
5532.964733,5315.5547
7060.0,6603.8228
2849.0,2218.412
9111.017406,10316.898
1435.0,1913.6416
7986.90023,8799.708
1025.0,1235.8069
3361.0,3093.4395
4373.0,4174.3984
12909.0,14776.846
3103.0,3332.6692
14060.880277,9716.823
3097.0,3723.5522
4021.199045,3468.7246
3474.0,1688.5979
10029.0,9535.354
2592.0,4493.325
1015.0,1176.9095
4218.0,3892.5203
4679.0,7252.2617
8486.0,8416.859
4741.0,5629.208
4842.0,4604.096
7366.0,5962.905
7812.104498,5749.6553
3706.0,4356.653
5174.940703,4973.587
4601.0,5356.842
2995.0,3604.0461
2837.0,2048.0164
3715.444284,3490.8608
3654.0,3530.2297
1417.839055,1281.985
3972.0,3076.7297
3716.0,3780.939
3024.0,3426.6497
3644.980998,2744.272
1255.0,1494.8363
3137.0,3004.5552
9608.0,9681.901
1324.0,1942.3269
6347.0,6167.752
1360.0,1399.2896
4876.0,6422.6045
3143.0,3511.9253
11750.522402,9947.528
6586.0,5033.3423
2462.0,2965.0542
3452.074717,3413.4087
6127.0,5610.7334
1963.0,2097.7012
3288.631007,3410.5356
3312.0,2879.0618
1801.0,1708.7906
9934.0,10082.494
4699.594838,4850.3203
2767.0,2518.6953
6270.113194,5848.533
3869.318117,4984.1104
1162.0,1467.7155
4436.814804,3951.2466
2049.0,2429.2456
4040.274398,2698.87
973.0,1200.267
6921.0,5880.6694
2633.0,2613.7292
6365.0,5393.7524
14126.0,10265.287
2889.421374,4819.0073
5571.041627,4623.684
6392.0,6633.336
9588.655931,9796.124
4107.07595,3779.8875
2989.0,3464.3171
4996.0,4869.706
2494.0,2347.0737
5718.0,5913.6924
10166.0,8924.372
5136.002946,5293.4287
835.534236,1148.9818
1248.0,1382.2129
4622.0,4099.498
3280.0,2311.2952
9950.0,5880.244
5007.0,5674.39
1080.0,1555.3162
15183.426876,13910.5625
3711.0,3752.4148
4422.0,4527.6455
3792.0,4525.168
7264.0,6013.1016
4660.0,4070.306
13594.0,12593.8125
7471.0,7322.697
4581.33688,2977.2075
11822.0,12239.097
6648.0,6941.758
2090.0,1730.1045
6371.338225,6344.827
4962.0,5015.1245
2956.0,3483.7944
2159.0,2309.287
10515.0,10042.39
9463.0,9511.582
4846.0,4988.2744
2617.0,3630.8972
2810.159311,2728.5952
4159.0,3953.6882
3447.0,3427.4321
6337.914914,5194.1924
2783.0,2950.9873
8916.0,10441.472
11133.0,12416.669
11047.0,10813.703
2720.0,1633.6078
1495.0,1917.054
918.0,1183.1442
7241.0,7200.952
1435.0,1783.5771
2858.0,3374.9324
2962.0,2838.6707
2619.0,2337.8174
2955.0,2836.5183
4154.656989,3645.8032
3051.0,2510.0098
3924.0,3618.0156
2797.450411,3849.6602
2665.0,3187.4802
2778.56734,3589.1309
2719.0,4270.6104
4649.0,4504.0557
5788.132655,4785.327
1099.0,1249.6028
2981.357802,2190.2915
6700.0,5861.5215
4141.0,5005.868
5416.668241,4804.1797
3547.002245,4014.618
1885.569668,2255.8066
2350.030758,2811.7795
13224.0,11806.904
5523.811112,4647.078
4335.108407,6377.722
2005.0,2025.2703
5811.0,5836.251
4522.0,5351.197
6460.0,5374.244
5310.0,4377.0312
928.0,1188.7024
9229.0,9506.193
4093.988729,4458.802
2509.0,2202.0815
2697.0,2456.521
904.0,1354.5214
2796.0,3382.11
1797.0,1803.0901
5821.0,5685.3555
4509.0,5030.0596
2881.0,2791.892
1099.311514,1024.968
6700.0,6165.698
2038.390647,2525.1042
2465.0,3103.0781
2779.0,2436.2927
1004.0,971.848
3289.0,2998.5476
2054.0,3053.9106
2252.0,2780.102
4504.0,4901.2544
4772.0,4946.5146
5333.0,7346.6055
3520.0,5131.6045
3294.0,2943.8567
3772.638073,5127.3037
3015.0,2731.6157
6870.0,6884.8696
1762.0,1455.2991
16048.0,16930.0
7684.812842,11246.9375
1222.018465,1131.3282
4223.841471,4594.466
5563.0,5318.5674
2760.0,2401.3755
2284.0,2083.598
943.0,1566.264
1694.0,1486.0521
2955.0,3680.4414
5504.036353,4992.244
3726.0,3379.7695
1145.0,1264.5242
2993.0,3791.1094
7226.0,8570.826
5393.0,6005.2793
6748.149732,12371.942
1622.0,1682.0149
2305.0,2311.5679
3015.0,3199.9753
1838.375592,2090.0156
2687.0,3071.795
3856.945547,4864.311
2794.412058,2499.5276
3699.0,6198.751
2287.970334,1932.3635
4289.0,4596.943
1778.0,1728.2756
1631.0,2799.2754
3333.0,3517.225
6744.0,8237.32
1267.0,1450.961
5405.681393,5149.032
1619.377004,1577.6072
5479.400827,6027.104
2758.0,3411.2837
2831.0,2984.8337
3172.0,2880.5554
10290.73924,8485.3545
866.0,1028.6956
3983.0,4238.0933
981.0,1151.1116
2507.0,3043.2769
1627.0,1507.4932
1376.0,1503.626
13218.63298,11702.307
3356.153103,2711.3823
3423.962778,3061.8467
3129.0,3336.9995
11166.0,10937.197
2477.0,2854.5696
5855.0,4334.604
5913.0,4570.6904
3035.555068,5366.803
6183.0,6902.302
6729.0,6662.646
2865.095595,3037.9707
3401.235199,4644.179
2892.881158,3208.4707
5933.0,4695.5977
5443.335079,5040.656
7923.0,7098.763
5918.0,6798.448
3486.0,3665.0332
2684.248351,4421.3223
588.098527,1270.8616
3940.038311,3591.9836
2562.0,2673.7124
4638.0,4480.5386
4558.0,5402.414
2227.0,1818.7852
7064.878554,7872.293
2173.0,2171.607
4929.0,4545.7393
6970.0,8392.528
6446.05535,7383.7393
4878.0,4562.117
6387.0,5559.703
3474.0,3842.142
2643.0,3179.9365
2104.0,2189.5298
6455.0,6185.352
3676.0,3629.1382
4498.0,2294.8076
13920.0,12477.494
1568.0,2785.1
12492.745733,13491.842
4151.0,3743.177
3689.928634,3662.511
6202.0,6637.258
3117.228727,3409.0898
5449.0,5957.2046
3022.0,3365.106
3589.0,4928.5254
9372.0,7320.586
5829.985493,7651.178
1340.0,1390.7473
4277.0,3663.3633
1766.0,1984.2028
1907.759358,2524.6118
1388.0,1425.867
8953.943558,9070.102
1601.0,1537.0199
1240.0,1104.4377
1672.0,2160.1035
7480.0,7724.1436
2500.0,2894.5083
2617.679461,2984.1274
13458.0,7477.8853
5758.0,5532.2197
2541.0,3286.6606
1380.0,1313.5176
4883.0,4547.099
793.0,1387.923
11946.0,9489.158
6391.0,6535.5557
5703.0,5021.91
5295.255449,5728.427
2724.0,3264.998
4884.0,4834.9155
6319.974595,4683.8696
1670.009442,1891.309
12366.0,10394.256
6247.047821,6806.083
8369.0,7155.1196
3355.0,2862.3906
14081.0,11944.863
5153.257728,5584.922
8034.692418,7505.089
6155.0,6155.075
4178.0,4262.873
4615.0,4471.866
4032.0,4040.732
3349.0,2471.9895
16147.0,17658.17
4982.0,6271.825
2316.603376,2481.2197
2822.0,3265.3284
5784.0,5493.6475
4104.0,4587.3657
3196.388802,3359.7605
2856.0,2886.2207
7586.0,7452.5366
5563.0,6131.7163
3420.935107,3338.7097
2699.0,3640.8796
2276.868298,2640.8525
4026.0,4467.2847
1870.0,2941.6296
2892.0,2816.1672
5274.0,4490.5054
684.156249,1494.749
5210.0,5277.5356
2562.991129,2461.593
1408.0,1213.8278
5503.801454,5183.4844
1635.0,1635.1426
960.0,1371.1191
4396.479785,6103.2744
2033.672462,2247.6394
6682.0,6752.0225
13263.0,14723.81
1480.0,1749.8746
3185.0,4537.6426
5561.0,5713.8374
1192.320744,1216.1589
9617.0,5687.9814
4157.0,5900.53
2420.0,4827.4536
2605.34325,1886.803
17502.0,17393.785
14667.0,12459.17
4827.0,4635.841
912.499834,1665.8333
1415.0,1833.5164
8361.0,6984.0938
8325.0,8524.402
8348.0,7081.1865
4142.0,3371.338
2263.0,2556.3872
1271.0,1609.3035
3017.60726,3416.6938
1657.0,1805.5437
3386.0,3036.6729
2637.983834,2497.9463
7576.448737,7506.346
3056.700319,3174.2925
8236.596876,6772.9634
3705.359053,3251.2742
4044.882246,2855.0388
6377.0,5891.7217
1145.7301,1364.8315
1434.0,1361.637
2945.0,2771.107
5527.99617,4641.8926
4076.0,4341.751
8466.0,8134.8096
2505.0,2237.9795
1872.175447,2687.4685
2517.0,3096.907
973.0,1045.1107
5198.0,5054.076
4689.373478,4507.1553
3812.723923,4168.414
1973.0,1892.9877
14927.0,14078.744
1731.0,2860.2212
4625.0,3447.2173
5824.098742,7758.818
8743.0,6162.8345
4932.0,4510.5913
4206.0,3851.7095
9041.0,9210.427
1423.0,1258.5713
9735.270958,8576.966
6071.493367,6256.8477
791.0,956.56775
3450.0,3676.1792
7878.0,7672.62
1164.0,1458.6698
4462.804882,2623.0117
7679.617151,6473.814
1726.056224,2957.3098
3748.240284,3885.895
14773.0,16809.246
2436.0,2150.1113
14561.415786,12793.547
2247.0,2500.3228
2871.0,2925.3433
7048.088011,7277.2476
1716.0,1490.1139
5265.0,5564.892
3937.0,3113.857
4366.0,4650.995
8007.0,7510.728
12148.0,14174.057
8153.0,7749.142
3432.463633,3588.1992
2249.0,2219.9243
2770.0,2908.8188
3229.0,3932.496
753.455087,1422.2942
1180.590443,1371.5347
4663.0,4947.9946
5296.0,5812.673
5303.0,4817.511
3570.318258,3911.6646
3773.0,3817.9043
3289.671108,3720.4702
4419.520099,4966.0103
11790.0,15471.826
1307.0,1658.2112
2034.0,2356.6497
2138.675892,2614.2676
2603.0,1593.6809
3158.0,4422.704
4576.032105,4207.422
7443.0,9192.029
4942.866128,4838.3774
4140.696528,3495.6138
2991.86074,3433.2234
3183.0,3389.173
2451.0,2463.6248
7569.0,8159.289
1229.0,1174.3839
1606.0,1487.6244
8138.0,8087.297
7837.0,8682.037
2477.0,3556.9265
2766.92405,3030.1035
1342.0,1747.6793
5301.0,3768.4812
5534.0,6103.381
5587.0,6505.636
3475.263786,3359.2078
2231.376823,2455.9973
5890.0,9176.413
4312.0,4243.0547
1783.0,2272.3433
5932.0,6393.5806
4337.0,4242.4688
1114.0,1137.8363
5878.0,5843.271
3321.0,3734.2805
9946.0,9146.697
4333.0,3670.0676
5447.0,3869.651
3255.0,3042.9653
1807.0,2046.1082
10595.0,10843.099
679.706831,843.2531
6940.0,7473.122
1222.0,1817.4739
2550.0,2673.4768
1784.0,2156.879
7765.514084,6312.914
4071.0,3562.89
4339.0,4845.176
2188.0,2037.0007
2503.0,2279.1482
6801.0,6024.8687
4491.0,4467.643
2538.0,3392.5293
1710.415799,1986.9912
13923.975501,9831.799
2415.280713,2399.169
8032.0,8355.552
5202.0,4907.6587
5100.0,6483.95
2953.0,3185.5066
14939.0,15301.156
7745.870836,7177.797
3127.802325,2960.356
2613.0,3530.6055
3104.0,2712.2808
3413.0,3992.9485
15846.0,16677.742
1273.0,2138.7222
3849.0,3373.7708
1059.0,1373.9375
21623.0,17253.607
6368.0,5921.333
1299.0,1563.5576
1686.0,1110.7877
8287.0,7692.513
1242.0,1353.9454
6779.0,5259.2437
2388.026395,2391.67
5960.0,4944.6743
5036.0,3738.8762
6466.0,5730.841
1674.0,1468.6973
1906.0,2663.7427
5212.0,5277.5356
3893.0,4595.526
2836.0,3253.0513
6708.0,8284.48
20578.0,19816.488
5136.0,4932.6885
2610.0,2790.5085
1552.0,1412.2048
2972.0,3779.434
6998.089938,6509.411
18519.0,18922.15
9150.0,10465.403
2519.493509,3585.7188
1559.0,1478.8271
1056.0,1016.3029
13185.745752,13468.258
3089.0,3430.2844
1124.0,1582.995
4844.0,6725.2095
3160.0,3531.1453
6248.473864,6105.634
7723.0,8344.913
3650.0,3261.3218
6088.0,7022.8193
2901.0,2819.3242
5561.26762,4805.54
17429.638111,17808.469
1431.0,1510.8713
1196.0,1147.14
1122.798775,1275.1414
3203.0,3907.2954
2870.0,3267.0378
1097.066727,1321.6224
1658.0,1664.234
7066.0,6992.4624
3691.0,3186.6238
5191.0,5119.6636
5235.0,4950.49
2390.49774,2502.183
2038.0,2206.928
2896.0,3173.2505
2213.415252,2220.4216
3108.893896,3243.1516
5469.0,3583.461
2699.0,3350.254
2771.0,3304.58
4604.499539,3981.7898
11460.622372,9200.004
1043.471808,1164.4922
1798.0,1953.8705
5616.0,5086.902
24290.0,15818.031
4241.973029,3515.0767
3267.0,3938.0312
8075.0,7271.943
4787.150028,4239.195
1923.0,2027.2946
8628.0,8905.631
1885.0,2898.1782
3842.0,3817.3833
1620.0,1423.3235
3310.0,3223.2517
2902.0,3278.2402
15579.0,11736.41
1397.511561,1454.1584
5087.468736,5760.2153
2751.038133,3975.018
1706.0,2780.4375
1225.0,1062.1676
1953.278781,2199.9167
1275.0,2580.3003
5848.260206,5441.077
5351.0,4353.275
7476.0,5966.4517
2587.0,1811.0957
3321.0,6584.94
5590.0,6002.8564
4148.0,3588.3813
3714.0,4798.577
1892.933507,1708.5553
2767.0,2713.3813
4559.0,4527.913
7184.0,5613.3086
3988.0,3823.773
2162.00346,1768.6799
3959.0,4562.0586
6729.098165,6488.332
960.808213,1332.0369
1063.0,941.12463
3043.0,3296.2788
15211.0,16297.314
13316.337326,12585.443
1097.0,590.183
8028.356756,9417.174
7826.0,3809.0034
961.0,1021.0204
7347.0,6900.1265
1454.208013,1391.4685
2381.0,2031.7512
4228.0,3547.8762
2746.0,3419.3562
4716.0,4958.595
1682.0,2678.1633
7065.0,6351.479
3458.0,3960.186
8455.0,9036.453
988.0,1202.3794
3861.0,4975.1865
5242.0,3720.7058
1988.0,1937.1508
3108.383576,1830.3096
5804.0,3443.2532
808.0,936.8895
2552.0,3263.6382
2755.0,3591.6804
6933.0,7782.6914
8736.0,8200.26
4766.0,4134.0503
17098.0,15285.753
2406.0,2770.713
8544.0,11134.471
7491.20324,5191.9287
3629.664921,3924.464
3744.0,4519.629
3870.733391,3403.1719
3472.0,3235.8699
884.0,948.71875
8102.0,6391.3994
10574.0,8152.6533
1929.0,1894.4889
3592.0,3032.3284
3032.0,3036.7693
5291.550358,4619.4404
3540.0,3689.3618
7936.0,10600.482
3679.0,3543.7837
3102.0,2200.4648
9221.558649,9475.271
2010.0,2733.1223
3888.093224,3347.358
3663.0,4225.4893
3221.0,2312.5803
10405.0,9821.11
2419.171248,2972.2786
1141.982643,1432.6261
2450.0,3052.5674
4327.0,4274.975
1702.0,1952.351
3704.0,2863.433
6962.0,6205.3535
8342.734868,8788.972
3737.507476,4479.6396
6979.821935,6950.107
2346.0,2090.6848
1126.0,1220.1326
3348.0,2909.0151
3418.0,3389.5723
2228.523482,3278.7961
1587.0,2054.8396
1015.0,881.34973
1534.0,2168.4038
10108.0,10241.636
3512.096863,3327.4285
5309.590713,6433.3076
2240.299681,3118.0461
5215.928318,4767.182
1628.0,1518.8097
4012.0,4389.3726
1914.0,1959.2441
3632.268015,3295.2788
9299.222637,8124.8154
11179.0,6706.986
1250.0,1248.407
12413.0,10098.174
7104.980336,6268.38
7010.221095,7661.4546
1984.0,2099.963
3605.410812,3639.6665
3265.0,3069.8723
3777.0,4203.2173
3147.0,2462.4277
6249.0,4739.0093
1824.0,1910.407
8620.0,5864.531
2466.0,1530.6904
8501.0,8220.005
6253.0,5847.8867
6374.0,3614.1262
1099.0,1688.0787
1259.0,1392.7976
22054.468435,18231.543
10528.0,10309.296
2782.0,3166.0186
8232.746892,7943.55
3605.0,4067.875
8447.0,9432.572
816.0,1178.0475
4014.0,3431.2715
4502.0,5395.719
6468.0,6029.569
4248.0,3346.9192
4522.0,5428.846
3866.0,3770.7988
2735.0,1814.2943
4378.0,5573.366
3507.0,4301.032
1805.0,2039.3301
1349.0,1475.0348
7843.0,7826.8765
5023.0,4011.9707
12162.0,8980.547
2130.588477,2265.8098
4671.0,4700.7046
3079.0,3121.0698
2067.0,2014.8041
4782.0,3951.4922
2606.0,2813.5054
5817.0,4870.8955
4106.529882,4119.9697
3944.0,4740.1846
1347.0,1446.2625
8688.552963,7036.495
868.0,1049.9698
5810.837564,4728.5386
3445.0,3608.541
2908.0,3221.731
1241.0,1238.5992
4852.629964,2834.7402
3730.0,5234.704
2290.0,2754.8145
7406.318256,9326.713
4415.993859,3880.9739
3905.632719,3446.645
4721.522321,4282.9517
1696.0,2033.3346
11605.289559,10319.393
6998.0,6956.417
3961.874103,4086.3445
4349.0,3449.5454
8696.964882,8642.598
2773.016627,3994.9082
1714.0,2378.3584
3099.821,3758.3257
6406.125345,6565.7764
892.0,1114.1013
1357.0,1461.3179
3753.0,3564.56
3681.0,4539.642
6539.0,5811.0483
1673.0,1753.7028
2205.1117,1975.0149
3022.0,2999.4243
1568.0,1491.2028
1111.0,1004.4238
5594.0,4504.6694
5936.0,4981.9287
4512.0,4611.175
6122.276077,5129.5874
2029.0,1977.7426
1177.0,1118.4216
1390.0,1300.7894
1187.0,1333.4463
6779.0,5850.8
2488.0,3134.1042
4266.0,4488.874
8766.621613,9779.922
1796.0,2183.0823
2790.0,2646.863
5622.0,8201.071
20859.0,16028.998
5097.0,5220.91
4280.0,3821.4192
1947.952213,1975.8414
4420.0,3780.9
836.0,1136.4722
2719.0,3032.9006
5893.623759,6759.018
1237.500166,1427.9075
8545.424352,6079.2
4283.287314,2934.4136
11087.0,12354.943
13397.0,12912.729
4024.0,3623.9321
2642.0,3124.9336
1605.0,2033.501
15800.0,15925.412
4693.0,4303.0547
13286.0,13064.966
3739.0,4580.3276
3611.263312,4651.5967
12194.979714,10813.201
3062.0,2573.4077
979.531141,1304.755
6452.0,5807.708
2406.0,2459.8958
1702.0,2534.4285
2619.0,2053.4055
1442.0,1477.4596
4158.0,4067.3374
1924.0,1960.4781
3321.478666,2706.927
8638.316568,6372.5234
4885.807382,5244.032
3317.0,3290.6704
9125.655599,9497.314
1066.0,1255.0676
3616.0,3991.0242
1377.0,1467.1578
10005.47176,9819.322
6374.0,5829.4844
5691.0,6091.3057
1614.0,1191.8656
6387.0,8642.286
7166.62213,6550.7773
5698.0,4866.1514
2822.0,3605.8179
2319.0,2412.35
2905.0,3099.168
2884.0,2721.951
1929.0,2513.8862
4716.526411,4938.3193
3514.0,3261.2002
1284.0,1130.6793
1221.0,2080.8533
3872.993254,3952.6812
3160.827,2405.8784
947.479553,946.10486
12486.0,9373.233
7255.0,6773.788
1305.0,1352.9854
2696.0,2724.634
3431.0,3096.5557
4964.731298,6363.915
3682.368528,3808.8704
1221.0,1328.6519
3745.927122,4319.5654
3129.0,3751.0808
6027.186879,6822.747
3461.0,2542.0657
6028.0,5370.3374
9363.0,11560.826
2852.057337,3083.2275
6934.0,6832.8193
13100.0,15654.675
5158.0,6421.383
1064.0,1256.4021
5054.0,3906.0715
1979.903603,1342.6627
8476.0,8607.776
5619.0,5744.249
4330.0,4732.633
1152.403344,1367.5273
2878.0,4824.05
9163.0,1152.36
6509.0,5759.8857
3910.0,3812.9492
940.0,702.232
3013.0,2813.8188
2852.0,3531.5
7116.0,6270.149
12718.943971,12154.784
3332.977273,3484.5735
3847.0,4151.8384
781.0,1135.0508
8870.093312,8867.63
1700.0,1770.4912
2928.0,3673.241
1213.0,1692.2825
6243.683185,6254.4165
1375.0,1390.7473
3120.73841,3311.7297
8933.0,7631.16
9931.0,9460.979
4110.910782,5494.393
3583.797441,3441.782
4981.501512,4109.1924
2847.0,2986.955
4529.0,3703.0227
3105.0,5532.7334
4449.108423,5244.6543
2808.0,2707.6245
2190.0,2940.525
1537.0,1298.1611
1104.0,1040.6755
2305.0,1887.441
2254.0,3220.2532
4329.0,3910.9043
4924.0,4881.9976
2463.658404,2600.874
2074.0,2313.7007
13995.053302,15829.922
4550.0,3939.1199
6873.0,6424.31
9699.0,9103.558
6762.0,5839.9062
10662.77611,8795.162
2369.0,2964.2769
5902.407486,4006.1367
2329.0,2539.338
2686.0,2909.1973
3870.84673,3335.8618
1224.958373,1504.2644
2351.0,2318.8518
8950.0,8249.723
1924.0,1932.9768
4120.0,5555.6333
4524.308979,3304.0073
4602.0,5883.989
2623.0,2751.8267
3106.0,2001.4496
3338.0,4233.036
8355.0,8158.7686
2574.362151,3275.874
932.0,1035.9037
5755.006141,5672.7793
15992.0,16220.044
4012.0,4333.0713
5233.0,4091.8782
3334.0,3397.3762
4074.022441,4420.742
3039.0,3341.5034
2879.0,3160.0051
6844.0,8384.361
2189.0,2846.3135
1634.0,1468.6973
7021.0,6177.458
4729.0,5048.3643
3688.415833,4633.12
5469.0,4626.975
5296.0,3808.868
975.371099,1550.8204
3538.6056,3300.118
3842.0,4776.163
1064.0,1431.5504
6620.0,9353.393
10474.0,7331.208
7960.0,7727.585
7025.0,6809.339
3458.630984,4189.694
12327.0,9903.99
2971.0,4398.2495
1450.0,1302.7137
2573.832663,2859.6565
1231.0,1177.5168
1418.0,1390.7473
5383.0,6084.3545
3946.0,2986.7703
4734.0,3054.6812
2306.493465,3166.692
6464.0,5137.0083
2430.0,2908.5967
4973.166868,3973.86
1875.0,1673.3586
2548.0,2853.0103
4974.34058,5123.4575
1422.001,2031.8
5544.0,6074.2686
1509.0,1797.9167
2304.0,2432.2222
6573.0,6043.02
1202.592225,1693.8601
5562.836265,5373.483
2797.0,2796.397
9658.88202,10053.886
9989.0,8855.76
2821.0,2445.6106
2019.619886,2837.9773
10837.0,13066.161
5141.0,4552.788
2901.0,2550.3625
1803.0,3679.343
10133.0,9215.271
1478.0,1474.3394
4005.0,2905.4077
2141.246109,3435.2554
7572.694776,5964.5225
1337.0,1234.975
10520.895947,8352.1
16926.0,16374.852
8812.0,9710.804
15711.0,17433.076
1024.0,1248.7113
3617.184922,5518.792
3905.0,4547.2344
3252.0,2575.331
2467.0,3121.4006
8621.183057,4972.02
6366.0,5361.836
5454.891373,5256.798
7868.0,7712.874
10720.0,7926.6914
12156.513381,10734.141
4839.0,4188.2944
2120.207031,2818.7117
3547.082549,3189.477
3797.0,3644.0156
2736.0,2703.858
3093.300102,2681.2727
1056.0,1156.4801
7069.0,6156.8193
1606.150902,1826.5775
5239.0,3915.1902
4793.788849,5437.29
2508.0,2879.9238
2829.0,3023.2566
4188.0,5404.8774
3962.0,4014.6692
18720.214389,7747.2236
6040.0,6807.974
5346.0,5197.43
2650.0,3359.0098
2721.0,2493.0054
3555.0,4045.476
14784.443375,15635.076
6310.0,6544.207
2596.0,3445.4504
1071.0,1118.3633
3109.0,2924.1218
6427.0,6418.097
1188.0,1256.9846
5253.0,6524.3193
2804.0,3599.226
11994.28433,9430.904
3141.703198,2776.077
1890.059999,2097.6465
16492.332861,14774.94
2902.0,3073.2434
2214.0,2800.642
2040.0,1374.1226
4114.0,3469.732
2870.32747,2670.751
2189.774391,2977.1978
2135.0,2095.3738
1706.0,1299.7219
1474.462507,1089.1176
9786.103091,10493.346
943.787381,1059.0461
1296.0,1497.6119
3221.0,3196.5671
3302.0,3455.4985
1795.0,2490.5854
5145.0,4824.0815
4972.0,5392.1045
5679.0,6207.321
6740.0,5237.796
3019.0,3205.9285
2025.7212,2223.2893
10404.251092,11372.937
789.338959,1363.1262
1615.0,1354.6986
4063.01151,4937.1133
5868.371582,7342.634
7063.0,7876.405
4118.0,3809.7788
14543.049942,12363.889
2778.0,4338.771
3465.0,3673.8313
2572.0,1659.0618
7322.0,8722.448
7044.0,7326.771
2643.0,3449.5618
2853.0,2461.6604
4883.0,4062.2117
1676.0,1980.8988
7763.0,8292.617
2211.679669,2915.3225
2642.0,2429.5247
1494.0,1810.4196
1139.0,1237.3546
8740.645451,8698.861
12217.0,11191.972
3548.0,3519.6797
3151.761232,3594.146
1888.0,1641.5638
4545.0,5284.919
7718.0,8149.55
3970.0,3864.5657
4521.0,5003.5454
2373.0,3539.0815
5657.0,4473.4937
3836.0,2823.2993
3798.0,4420.1426
4779.053906,4510.5107
2608.0,2004.3108
1497.0,1748.0999
4806.184516,5382.9873
2708.0,3080.0383
6254.0,4456.7256
3889.80331,4376.454
1082.0,1009.1213
6953.0,6032.611
926.0,1107.8738
5804.0,5845.5786
16813.0,14198.8125
1195.0,1271.3497
3035.0,3611.2976
8390.0,9130.513
15458.0,17750.115
20628.367878,19622.76
4637.0,4644.938
5028.0,5199.0527
2566.0,2075.2915
2633.0,1371.3818
9255.0,9413.309
3717.0,1156.6381
3978.0,4020.436
8419.0,9015.133
13655.0,15716.844
11528.0,10847.893
3466.0,3924.3281
9646.0,8843.514
2968.0,3067.6812
2896.0,4201.585
5428.0,3652.112
3677.0,3416.261
5039.0,4833.8984
1426.0,1653.4814
3732.0,3154.2852
5211.0,5409.993
1442.0,1519.4114
2918.0,3656.2544
5027.0,4879.206
5250.0,4087.732
9424.0,9267.846
4025.0,4458.589
1956.954209,2199.1736
6633.0,7162.0703
6378.0,6081.331
6841.0,6183.1514
3958.0,6634.569
5234.0,6373.128
3772.909675,3918.2563
1943.0,2272.181
2415.0,2344.8972
5606.0,5250.8125
4020.0,4698.4937
1312.0,1469.8037
5840.894073,5590.396
3701.0,3848.7153
3491.941242,4310.682
10660.0,11029.221
5794.0,4672.851
4963.554619,4569.5337
1768.0,2196.0483
4249.004369,3175.596
10298.695526,12629.789
2837.948155,2467.4287
4171.0,3233.229
1386.0,1762.6013
3006.445262,2666.5386
2550.0,2985.4363
1295.0,1536.3445
9566.720794,9562.929
4613.0,5241.9014
2689.0,2388.3423
1731.0,1709.742
4455.0,3545.0288
8881.0,8214.209
1268.0,1355.139
1063.971939,1294.9053
14378.816892,3033.513
1826.0,1838.7385
2549.726476,2559.3354
9714.0,9726.557
3487.0,3561.33
7666.0,6945.706
9869.0,9782.641
3854.0,4134.6104
9610.9802,7838.4365
4538.0,4661.26
3535.0,4082.5132
6285.0,8682.104
1920.0,1515.2804
2491.577243,3684.1492
9103.284278,10591.216
4808.0,4687.4463
4622.0,6102.513
2935.0,2868.4329
1243.0,1695.1578
2290.648249,2155.5288
2598.048114,2460.3618
3445.0,3529.1301
1679.0,1491.7278
4580.0,5036.853
7639.0,7889.665
749.0,855.72656
1530.0,1613.1166
4025.934267,3148.5383
3378.0,9660.452
4702.517758,4686.6807
1029.0,1044.6498
6211.0,6149.2236
2748.0,2743.4253
2922.0,3012.86
6071.510931,5027.0415
3353.0,4975.071
4567.654886,4445.6104
3037.907978,1847.615
6322.77952,7498.4756
14258.0,12889.4
3399.0,3801.6497
6891.893249,6883.3022
4122.744797,4007.562
3017.0,3514.909
19752.0,20950.148
6725.0,6544.2593
3127.0,3253.9358
2384.0,2857.342
2256.0,3743.4324
4114.170775,4470.0684
811.848783,1176.4333
3801.735229,3698.0762
7818.0,7142.427
6854.775676,8020.0547
8839.0,7919.3374
10872.0,10932.273
13902.870384,10455.7
5645.496004,4982.3423
4770.32851,4116.329
4379.0,6007.0103
8466.729379,10683.14
4787.139267,3910.5444
4085.0,3707.0273
2719.0,2856.6304
5837.0,3932.0806
3631.515678,3873.6108
2784.380114,2804.1033
1942.0,2168.938
1462.0,1426.1553
3169.0,3446.534
4387.60575,1898.7507
3843.0,4327.9854
3937.0,4634.5273
3765.0,3215.3948
2598.0,3460.3477
10402.0,5991.214
5104.884498,5351.878
5708.678127,9099.407
7471.381878,5936.2305
7531.0,7042.8545
23400.0,22845.725
4693.0,4319.4663
3665.0,3948.401
2898.0,1518.6648
2919.0,2655.223
2843.0,3282.2642
4534.0,5945.4956
1116.0,1543.7914
1193.0,1423.742
3276.0,4385.0894
6717.0,5875.2266
3261.0,3265.6177
3975.0,4542.4307
5765.0,4584.323
2613.0,3340.588
4346.991682,5196.9575
17122.0,17268.51
7270.0,8493.753
816.782769,1559.4518
1347.0,1843.5203
918.0,1070.1367
15954.0,19295.973
2557.181719,2863.741
2989.0,1784.7986
1145.0,1827.9426
3422.215058,4480.677
5657.0,6236.397
1729.0,1972.429
3712.0,4064.144
12664.456853,11507.483
2603.0,3058.1245
2811.0,3200.6206
2584.0,2330.475
1360.0,1480.7673
6629.375793,5267.577
4838.79107,3546.9604
6736.565974,6199.0083
4986.0,5251.53
2589.0,2652.852
4109.823304,4472.2773
2949.0,3142.0469
7675.0,6757.303
10497.0,10430.146
7344.551356,6131.8965
2195.0,2876.5112
4627.0,5909.099
3543.0,3088.6223
6396.074252,4870.731
1622.125863,1183.1344
10339.0,9865.36
1570.0,1752.0144
2404.0,2353.0918
4189.0,5117.603
11519.708588,10040.026
2625.0,3312.4531
1435.0,1275.851
5180.728907,4850.9663
2850.0,3179.7256
8486.0,8488.12
1994.0,2933.5918
4733.955,4195.303
8607.0,8934.439
3193.0,3749.0073
4044.0,4207.4937
2765.0,2929.3665
4647.0,4587.7485
5417.0,6083.4233
1253.0,1387.0015
1534.0,1538.2004
7689.0,8173.3643
3595.0,3670.4395
1716.0,1320.094
10248.882398,8317.916
4378.2839,4151.3066
7663.0,7134.979
3526.59788,6652.8423
8233.0,7223.1157
2505.0,5292.8
3099.0,2550.8462
2877.0,3361.4968
2634.924079,5414.3257
6635.0,6388.65
2198.0,2092.7166
4692.0,5166.698
7001.0,6942.4688
1072.295176,1215.4541
1823.0,1673.4135
4200.0,4027.8152
6207.0,6708.6016
2560.0,1777.8756
1864.0,1858.7338
8063.0,10574.296
3636.0,2946.645
6390.0,6191.686
3630.0,3967.3125
8055.0,9239.245
7394.0,8002.75
7266.0,7965.1577
5221.0,5517.0938
6452.352266,6918.043
1075.0,1196.6907
1693.0,2043.6289
1029.0,943.9012
5825.0,6605.1514
3524.618286,2919.217
5354.24082,6033.4907
1938.0,1837.638
4033.0,3564.6333
5598.188278,4481.5693
1880.915696,2189.1538
6433.0,6550.3765
843.0,959.8783
10841.0,12009.881
1384.558547,1341.8938
2357.0,2386.8235
10653.753664,10215.757
10602.106524,8665.154
6567.0,6317.83
1463.0,1233.2394
5478.0,5648.2334
3204.0,3911.0403
1932.853673,2337.9246
3183.0,3365.589
2675.990313,2568.1807
2191.0,3698.7417
1482.470568,2096.5747
1486.0,1353.0525
1457.618496,1754.1898
2019.0,2253.3862
3868.0,3988.0493
12311.0,11798.02
5115.0,5242.1123
7159.0,2908.74
1113.057889,1241.808
5664.0,6257.6553
4167.715851,3396.1257
1982.0,1926.6946
1698.0,1912.3411
2767.0,1919.1549
3083.0,3672.6804
4351.0,3800.3586
3493.0,3921.0278
12224.188523,10558.445
2559.0,3163.011
7868.0,6245.6963
3675.0,3548.6296
15577.0,12233.638
5867.0,6188.0566
5309.0,5379.3384
2302.0,2088.8186
4318.0,3220.7573
745.412477,1002.1748
10823.0,8181.159
1276.0,1337.7646
1095.824195,930.251
3199.0,3027.2417
5680.411467,3097.0774
6826.321984,5513.0024
4258.76406,4296.3975
10781.303749,10858.611
7128.846077,7688.6514
5216.0,5109.7104
1770.0,1910.944
6737.855945,7310.565
8459.0,8013.703
2226.0,2109.732
1973.0,2461.7214
4006.0,3442.5923
2103.0,1692.6498
5516.0,6394.9326
2943.0,4491.1333
2729.0,2436.0266
2135.0,1640.5715
2550.0,7581.9517
6446.0,4623.53
1271.0,1229.9576
7352.0,6459.4443
4961.0,10001.581
10567.0,9136.378
6406.0,5252.296
4111.238368,3014.6982
6188.0,4553.159
4638.0,4596.711
5480.0,5699.6475
5797.0,4658.945
2333.068356,2226.306
1546.0,1728.4694
12937.868695,11213.866
5862.215427,5938.5586
7775.0,5595.7725
10942.0,9783.164
3866.238128,2870.224
4188.487619,5145.971
3678.020796,4636.552
4885.0,3250.754
1692.640099,2030.8503
4452.58884,4689.286
4391.0,3482.0679
2551.0,2072.0933
3573.984324,3248.2427
3222.0,3505.847
990.0,1051.7837
1858.0,1721.5977
4005.0,5588.232
6772.682642,5318.8994
6064.0,6100.052
1632.482823,1513.5797
6234.0,3824.525
2379.0,2859.7085
2754.0,2711.1404
4282.0,2159.0366
3795.0,6028.154
5670.0,6134.841
2370.0,3700.3098
2379.0,2997.0864
14124.083672,13142.25
1797.0,3833.5696
1450.503143,1694.309
2982.0,3311.466
1536.0,1464.0756
1581.0,1455.4875
8607.0,4399.0337
2331.0,3044.479
6017.0,6507.481
9889.0,11911.216
5383.0,5969.6436
3176.492774,3174.5015
4111.0,3907.9546
6070.711148,8107.668
6785.0,6793.5405
4580.0,3834.412
4321.0,5005.6626
1571.0,2128.9392
3397.645731,3275.5125
3403.0,3695.8313
4077.0,4505.1216
4987.0,5773.7056
2949.0,2629.2166
4773.0,5009.673
7891.0,8106.7803
11037.0,7742.8857
6111.0,5965.8022
3423.0,3584.3828
17742.037136,18691.79
1950.0,1382.3668
12289.71032,14846.705
3551.210781,3608.8062
2054.0,2814.0754
3225.0,2603.4888
1767.864493,1710.818
5126.0,4401.9014
4902.0,5245.24
5089.0,6852.6797
4197.0,4037.472
681.0,401.8786
2790.141206,3052.6924
829.470516,1011.7129
1476.0,1510.6095
1120.899334,1101.853
4967.433412,5663.3467
6252.690677,5318.864
3021.0,3335.6672
1232.0,1836.4127
6684.0,4999.5635
6464.0,5965.3843
2316.0,2958.1082
12394.590629,9687.479
5786.0,5277.8633
1575.0,2069.394
3612.0,3260.287
4260.0,4614.14
1573.0,1594.7328
4240.0,2809.0293
6875.773407,3478.0215
2939.0,2948.0474
4161.0,3682.273
5358.0,5329.9316
9369.0,10687.436
8142.0,5291.1714
4232.0,4134.1436
4476.0,3703.3992
8959.002,8064.569
7015.0,6334.1343
1720.0,3012.598
2099.0,2450.2
7507.112846,5898.916
1093.0,1020.8594
1482.0,1283.2953
3021.0,3349.1597
8828.0,8021.6445
3654.0,5333.5967
6496.0,8678.561
2513.364845,2582.93
4485.0,4921.595
7369.0,7464.6455
6832.0,6888.3857
7540.0,7294.0337
16550.535971,5112.406
1182.0,1381.4363
2230.0,2202.662
4294.0,4574.468
3338.631426,2994.3442
1355.162377,1561.7327
1691.0,1480.561
6068.0,2830.8022
4267.0,3972.6616
8907.0,8983.347
2804.0,3800.8833
6923.9637,6114.891
6318.0,6470.0537
5970.0,7167.6455
3451.071644,4030.9585
3713.0,3232.1626
2065.0,2873.9258
3876.0,4168.6963
2639.0,3289.8706
6617.0,7148.633
1445.0,1510.6095
5602.0,5472.2583
7744.0,4896.3115
1359.0,3228.2998
12198.465001,10737.678
12981.0,11849.474
1207.0,1328.6519
3793.0,4570.2993
1904.846897,1779.6453
4304.0,6238.197
978.877694,1363.1201
1611.341652,1822.0186
9104.0,9390.7295
7753.0,5827.199
8208.0,9145.714
4090.493856,6720.7783
2330.0,2540.4956
1426.566669,1656.5608
3258.0,2928.0095
2450.023941,2743.8218
3011.0,3127.845
3078.0,2862.3125
8695.0,9686.391
2402.579902,3380.4407
3499.254123,2308.8572
4828.0,4249.133
11494.0,5905.746
9814.438285,10703.849
7171.0,6625.4033
7899.807542,7259.474
4567.0,3919.6516
6197.0,6018.2114
6308.650492,6108.964
4215.0,5499.7744
3656.0,4666.9404
3521.0,4215.3706
1718.0,1843.55
5550.0,6071.191
3625.242386,3587.8372
3351.231445,3253.1206
11648.0,9278.187
3090.171147,2677.4932
6889.0,5852.452
7005.0,6581.4546
6243.430588,6593.06
712.50614,940.1328
3352.98586,3808.1958
9336.0,7044.218
8273.58813,11487.773
8227.0,8063.427
4928.0,5128.741
2.95905,1247.6458
9728.0,11238.477
1501.74435,1651.4863
3283.0,2654.7993
8556.0,9212.104
7083.0,6570.133
4793.516536,5556.815
1306.457509,1523.2317
2585.0,3591.7668
7910.209892,6377.2925
4396.0,5557.1196
1344.873636,1362.9509
6672.799427,5371.128
1588.833576,1788.5687
11825.0,11370.131
5705.0,4613.423
11204.0,9508.719
3078.0,3855.724
1686.0,1840.7336
8639.0,9559.349
8544.0,8259.253
1203.0,1854.3972
2990.0,3155.6558
2952.0,3199.9087
6647.0,5814.9814
1748.0,1576.324
4206.190025,4242.755
2114.0,2154.9226
7680.20772,6726.832
3195.0,3217.454
1360.0,1983.6324
2400.699527,2752.9336
2635.0,2718.42
4191.0,4136.861
5485.0,5128.976
4972.0,4915.1904
2342.0,2439.0957
3511.0,3749.6343
4781.0,4073.1907
1728.0,1501.6497
2287.970334,2952.6711
5235.326081,5313.3335
5783.0,5085.611
6887.0,7206.426
8031.0,7172.332
4895.958616,3568.5332
828.0,902.40643
3415.738233,3688.0234
1025.4821,1365.6396
17785.0,16946.232
1437.919998,1274.3162
5415.0,6148.198
7335.0,7838.853
795.0,893.4546
3024.0,3895.0554
2190.0,2202.1753
8765.0,8652.286
3162.0,2944.8745
7351.960202,6028.0757
3452.0,3535.4
779.56463,1119.3802
5866.0,5437.3867
8347.0,8423.843
2159.0,1987.1921
1414.089989,1497.7527
11323.443773,10360.117
2244.0,1809.9355
4128.0,4697.272
4782.67524,3583.789
3204.054942,1717.7826
1746.0,2561.2915
847.0,975.4335
12471.0,8914.026
7225.0,7226.2056
4092.56008,4360.021
3278.0,3800.8452
41208.0,15352.1875
1764.854694,1952.351
2914.445802,2723.5093
4831.0,4287.5415
2895.0,3500.1145
1209.0,1314.8728
6054.0,5747.591
4748.0,4586.734
1717.0,1369.6914
1502.0,1139.0461
4272.0,1994.3314
4465.0,3866.067
2946.0,3206.0632
2691.0,3088.544
4219.0,3976.8816
3344.0,2510.6497
6242.0,6026.56
5710.35038,4796.825
3589.0,3418.1973
12310.55033,10642.016
3286.904442,3098.7332
6621.0,6525.6724
5945.0,5949.029
5036.0,5065.7397
1060.0,1270.549
8664.137295,8564.31
7094.0,8396.337
5537.0,6601.6357
1787.502698,1535.8408
3514.041384,3548.235
6270.0,4999.995
13653.0,11579.575
1439.0,1390.5588
5074.162436,3723.9773
1161.029666,2669.4058
1293.0,1405.6497
1772.0,1291.773
2431.411525,2388.6636
5731.0,6217.9365
2616.869039,2483.3738
1987.0,2263.8433
1192.0,1664.1895
1546.0,1517.9574
3178.0,3310.2039
1774.0,1866.0251
6155.0,7752.3125
3593.908009,3317.9675
4541.362845,4158.7173
9113.816657,9910.986
3452.0,3363.3672
15416.745097,12560.018
2162.0,2060.819
1061.0,1496.4065
1961.0,2189.6484
13261.0,13080.648
2418.072533,2628.0454
8948.0,9914.549
3133.0,3499.0767
6395.0,5874.1836
3963.0,4399.5947
2924.0,2629.8335
1889.0,1203.0969
11883.0,11936.412
1008.0,1456.7466
2728.0,2043.1985
4090.0,3982.8079
6466.0,6412.1016
2095.0,1889.1941
19974.0,17708.725
1483.0,1400.4303
2111.0,2448.5535
4467.445317,4884.4233
7297.263823,3961.1016
8400.0,16225.263
1969.0,1867.7507
3638.0,4174.889
2339.0,2921.8418
2024.456344,1996.1969
1976.0,2609.1812
7363.0,7262.2095
4329.0,4372.741
2880.04318,2268.6772
7379.0,6272.343
3900.765558,5256.7983
857.0,1285.0078
3830.0,4167.941
3762.0,3991.3352
5412.0,6735.65
6245.0,11173.732
4330.0,3445.8774
3412.0,3401.4478
3639.167147,3771.4915
6541.0,5505.9907
11929.966854,9414.102
3151.0,2636.8943
13674.0,13761.216
4586.0,5205.9053
8711.0,9610.333
1777.0,1623.3344
2987.0,2795.6497
3477.0,3582.039
3119.0,3134.845
2500.0,2815.014
1315.0,1146.1547
14939.0,16029.026
7837.0,8571.513
9006.0,11894.655
11461.0,5964.667
8085.0,8608.079
7370.0,7721.525
2197.0,2109.4204
796.0,1511.9133
10530.0,8960.733
8807.297065,6879.814
1930.0,2594.9048
6909.0,5437.848
11515.0,10382.443
1444.0,1255.6537
4382.0,3946.6694
3173.0,5327.1846
1316.0,1127.179
4907.0,5852.7607
2190.0,1768.0823
4079.0,4383.211
1688.73,1258.8
5322.0,4972.448
2860.0,3589.4937
4748.0,3433.196
2266.0,2921.339
2566.0,2796.0005
1802.0,2116.0906
1852.0,2426.9963
1177.0,1263.0938
2408.0,2791.4856
4520.527851,4566.6504
2174.0,2572.233
8639.0,9797.487
11808.0,11847.37
2410.0,2391.4265
6956.0,6202.343
5205.0,5373.8994
1351.0,1453.758
2361.236177,2004.0764
18164.0,14094.633
1107.360323,1376.9744
2352.0,2573.4028
2173.0,2456.338
10244.0,7926.5703
6183.0,6037.261
4352.848149,4432.4253
20684.0,13894.311
2699.511095,3260.123
6049.0,6035.0503
13347.0,10528.912
1297.0,1784.1555
5173.0,3910.0293
4743.602438,5029.419
3191.708767,3563.4863
2207.0,2323.3315
2544.0,2729.0398
2108.0,2182.934
3201.0,3279.5789
5033.0,4401.0273
3458.966874,3847.6047
9235.0,7855.197
7452.0,7260.241
2660.0,3609.2866
5765.0,5282.604
6296.0,6619.41
3949.691067,3356.0286
1160.0,1434.72
2315.0,2119.314
4396.0,4738.372
3298.0,3489.7852
4018.0,4399.0044
5160.0,6161.5967
3311.307361,2852.27
5048.189975,4845.879
2671.060807,3197.741
5827.0,8074.927
2828.0,2028.2955
1648.0,1468.6973
2157.579904,2176.2559
5914.0,5241.5376
7393.0,7916.993
5358.0,4525.003
4606.512132,4231.4565
2478.0,2726.2268
1967.0,1860.3284
3314.448075,3519.6191
3408.0,3336.1301
1739.0,1367.4646
2866.0,3664.6711
3381.715902,3624.025
3958.240726,5513.94
6886.0,7984.704
1162.0,1206.6819
5221.0,5264.2812
1014.0,1531.3494
5068.515556,5912.103
2930.0,2709.2874
2310.987378,2579.189
6187.0,5865.476
3751.0,3658.525
2403.0,2243.4185
1949.346958,1958.1292
5636.772083,5737.9873
6702.0,7579.499
5884.0,6110.9756
5281.213618,6243.761
3525.791946,3020.834
4846.0,4894.7524
2587.874006,3126.516
3416.0,3827.607
3565.0,3463.357
3418.0,3627.6958
4564.0,5355.0303
7085.0,6064.542
5803.0,5376.8486
1169.0,1282.3674
5076.0,4966.343
8601.0,8446.416
3062.0,4190.0586
3059.0,3448.993
4833.534638,3236.2942
5023.0,4512.794
1227.0,1427.9109
4316.0,7700.5337
2641.0,2617.4175
3096.0,3491.2625
4761.0,5303.8276
2670.384465,3254.7996
10793.641453,10172.017
17028.305377,11468.755
3840.0,3287.118
1890.0,2570.8716
5792.047378,5981.694
5458.0,5106.411
3869.0,3092.3687
5474.0,4843.8843
3907.598574,3794.35
2497.0,2686.6414
2525.0,1682.5361
1081.203399,1140.3289
866.0,1058.3455
11453.440928,12679.214
2634.0,2668.1821
5810.0,4984.2427
2847.0,3067.3518
1879.945391,2625.926
2730.0,3911.4937
12986.0,11889.33
1760.0,1348.5779
2666.0,3426.5203
4610.0,3499.9543
4811.0,5798.5444
3904.780029,3765.7476
9861.074333,9785.584
5668.0,4674.5015
1484.521173,1568.0022
16276.000542,9115.425
3980.0,3297.692
3798.0,2747.5474
1941.0,2940.4316
4071.717781,3152.8938
12322.0,7386.607
10699.0,9643.37
2709.0,3432.2476
2592.0,2265.8867
4330.0,5136.876
4493.866355,5683.9307
1579.0,1598.0222
1060.153665,1130.1462
7391.529735,6399.6724
10365.0,10564.496
5964.215602,5850.798
5250.521629,4833.384
2465.0,5498.103
1643.0,1870.1107
2074.0,2095.894
4754.737848,3979.1392
6693.0,6539.6797
3567.939382,5128.5703
1833.770458,2327.714
17718.0,18970.014
6394.0,5769.204
6961.0,4839.836
4166.0,4775.547
2979.974606,3313.517
1179.0,1266.234
4513.0,3515.056
7614.0,8054.676
5614.0,5581.4346
4874.0,4374.517
2743.0,2362.109
4746.0,5052.582
1924.0,2056.6287
3244.0,3478.519
6172.0,6319.243
2415.0,1956.6833
1063.0,1422.9894
1933.0,2189.4973
3469.505191,3328.6895
6988.0,5860.905
4980.0,5825.76
6273.0,6474.565
2589.477111,2546.1125
1388.0,1271.485
1840.0,1453.935
2151.0,2179.5261
2969.0,3519.6191
3166.0,2830.0425
13633.0,10575.737
9704.0,10975.596
3479.0,3432.7312
6860.0,7198.225
1550.0,1697.5544
5056.0,6156.8853
2334.670152,2988.8286
2647.0,2813.9092
2379.0,3278.6414
3014.327648,2549.1372
1221.0,1453.0486
3315.0,3761.33
5105.0,5604.1816
2762.0,3349.1382
2773.0,3166.746
3348.0,3809.5078
3972.0,4154.692
2450.0,2978.9937
5764.0,6266.1875
5667.0,4951.445
6224.0,6761.935
5712.0,6786.5703
3860.988792,4815.24
18177.0,16892.113
1949.005255,2355.647
3101.057142,2877.9202
2892.0,3240.2776
3091.0,3516.6277
5421.0,2706.4333
9503.0,6682.1875
3223.0,3809.7773
2677.009248,3006.064
2036.0,2864.3481
4229.0,6706.2876
1457.203689,2603.1738
6199.335171,5160.1377
1723.0,2136.5415
1889.0,7907.925
1290.0,1462.1301
9353.0,11891.342
4855.0,4726.171
17742.0,15289.932
536.0,198.08536
4809.0,4688.9517
1854.0,2834.3933
2925.0,2557.9722
8558.0,9320.056
3737.0,4665.519
4016.182109,4599.2344
6999.0,6090.938
4817.0,4788.2085
2381.513082,2809.2217
4603.999,3943.7551
3510.40243,2880.8242
3141.0,3643.0269
3481.0,3291.9207
2419.0,2827.7922
3205.549255,3197.61
1538.0,1864.3021
8100.0,9253.43
2850.0,2752.7778
1754.0,1857.2903
13092.0,13402.278
4987.0,5288.269
6087.0,5906.7915
1539.407775,1796.5238
2640.0,3045.2783
2869.0,3268.1045
2207.0,3457.2324
3839.0,3088.2837
5633.0,4852.191
3775.0,4471.8477
1601.176976,1833.4504
3537.526539,3499.0776
12052.0,9714.295
1344.0,1644.0164
4095.542059,3829.713
2033.056997,2119.4346
1351.0,1305.9613
1222.0,1354.9176
5699.0,6067.5654
1032.0,1392.4988
2487.001,2016.096
3019.0,4232.797
1014.0,1222.739
5439.471664,5382.712
9971.947732,9276.154
832.543343,873.53973
4768.54841,3920.2163
2388.0,2765.2063
4124.0,3386.6548
834.0,928.3088
3402.911759,3495.3618
6051.856722,6152.205
4695.0,4449.206
4454.001,5897.459
7515.872145,5402.161
13319.0,13504.484
1472.0,1320.6266
6215.0,4385.197
3606.341183,3661.339
3777.0,3645.6875
3740.0,3853.8823
2381.0,2532.9116
2785.993035,2292.7534
3717.0,4420.2783
4718.264964,2939.1506
7107.974702,5196.097
2207.305875,2881.5283
5408.0,4453.62
1182.0,966.4266
4342.0,4507.3867
4475.017519,3962.4917
5376.0,5852.9863
2793.0,2266.252
1828.00119,1841.8367
782.0,1231.2367
1834.0,2094.8445
3967.827579,6869.2563
9738.475786,9305.896
9283.0,10371.256
6247.0,6158.8696
3449.0,3045.964
4367.957317,3890.498
13750.0,12965.421
1907.0,2624.9993
3082.908445,3708.8882
3159.0,3359.3118
2890.0,3252.9773
7205.0,5542.273
2237.903137,2682.002
1198.589217,1352.9854
4904.0,4578.5664
4404.0,4890.5615
1635.0,1805.4824
4002.0,3884.8152
2551.0,2767.7
9800.0,9683.997
3140.0,3496.7742
6667.0,5352.9077
949.209343,1086.0583
4260.0,4638.198
5045.096358,4528.3584
3288.631007,3693.7024
2855.0,2484.5962
8586.428439,5873.161
2721.0,2798.6406
3752.0,3618.825
5851.947467,5137.3486
5748.0,6127.5283
8043.0,8935.654
3368.0,3712.0566
7849.0,8563.71
3984.0,4467.5703
2029.318981,2831.676
4939.0,4980.1235
2304.0,3500.9321
2359.0,3033.7544
13363.421033,10357.391
1884.0,1684.5414
10824.74455,9608.549
2939.429713,2527.2295
6489.0,6219.651
8218.0,8046.845
2948.657637,3207.9915
4614.0,5291.374
1321.0,1181.0891
7005.0,7211.346
1004.0,1345.7117
3899.620024,5720.465
3875.619996,2759.736
2952.173564,3728.1555
4053.0,3642.15
1278.058662,1425.998
2226.659323,2248.38
3288.148741,3588.3718
1826.0,2754.4644
3417.417976,3359.4304
3855.0,2757.6143
3709.0,4010.4858
4980.118327,4650.36
6034.0,6669.8633
3724.0,3706.1309
930.0,1318.5802
4485.0,4551.259
5326.0,5513.9634
5010.782029,2847.24
6307.0,6567.725
5016.010382,5178.971
6832.0,6052.577
2906.0,2998.1677
12636.0,12880.025
3906.0,4035.144
2825.0,2141.483
1622.0,1733.3129
2002.0,2876.564
2668.0,2426.2925
3764.0,4856.9927
3836.0,3044.9849
2476.0,2722.745
7773.0,6625.1626
4419.002494,4221.0146
2801.71699,2748.9727
2896.0,3434.7488
5654.0,6691.2476
7067.915576,8308.331
6847.958667,5322.4854
5274.0,5877.643
3779.87442,5209.005
1965.0,2240.4595
2480.997826,2580.4766
6482.0,7062.833
8755.0,9192.328
5433.003768,4993.188
5109.0,5659.7524
1445.030172,2162.6257
6991.0,7848.1694
7954.0,7716.4165
1193.886102,1108.2264
3317.0,4169.0796
1473.0,1238.3063
1206.0,1399.9873
3242.0,2636.446
4223.0,4427.5415
4403.0,3665.6062
4321.0,4158.8345
4965.703442,4347.251
6434.0,5842.4326
1472.0,1936.109
4521.0,4329.3213
6390.0,6227.5537
3050.0,2928.7266
3109.0,3557.061
1592.0,1287.0883
4231.0,7094.3955
3483.612527,3307.3875
2294.853757,2927.2024
6811.0,11254.4375
6013.0,4675.837
6314.0,5190.4873
4095.877491,3959.5012
16056.498256,13297.797
1903.843064,2773.388
1566.0,2367.8916
4616.534574,4161.862
7616.0,7006.5557
2134.856785,3124.5542
3844.0,3681.3972
816.0,1042.0244
6072.0,6204.0127
3540.0,3784.7974
3855.0,4341.78
5630.0,5467.8975
3836.0,4457.267
8595.604744,8433.896
1781.0,2001.9592
1272.390914,1521.6316
2120.089261,2367.115
11670.0,9630.834
6154.0,6493.5874
1072.0,1280.2993
6403.525475,6183.1514
3784.194365,3894.9265
3433.997816,2930.537
2928.829906,3820.597
2806.091121,2046.5492
2272.0,2476.1094
2755.058758,2598.2026
8948.0,7682.6743
5146.868492,5851.582
6030.0,4277.3506
4136.0,3936.825
11258.0,9298.85
2900.0,2879.5232
1916.0,2492.8528
3360.0,2753.058
2934.0,2708.7346
8572.896362,7835.716
4120.0,4163.0405
1259.0,1392.7976
5209.0,5599.278
6659.0,6538.912
1721.0,2972.7373
2908.284715,3163.2908
9347.012958,9480.136
9139.0,8721.024
2303.0,2567.839
4900.0,5992.4854
5452.0,4884.611
4634.975774,5129.2393
4652.0,4851.647
2811.0,2727.2668
2917.0,2887.7446
4760.0,4586.734
5617.013554,5508.6543
2534.384743,2612.73
6273.0,6488.366
8147.0,10144.197
5286.0,6572.3
6779.0,5996.2314
5184.0,2937.7632
6828.229919,5987.5405
2772.682133,2707.769
1253.0,1458.6022
6750.0,5866.3096
909.0,1137.9175
1977.0,2124.327
7876.0,7022.999
3676.0,3412.4153
4587.0,5306.0713
6884.0,5378.858
7801.0,8639.836
5849.0,6943.185
4207.0,3805.2722
4155.0,4634.565
4087.0,4189.598
3036.0,3325.4734
1425.999648,1468.6973
1106.0,1214.5494
1775.0,1632.1742
8051.0,8212.35
3246.0,3617.974
1837.68865,2362.0974
3126.938923,3847.8079
4758.628746,5729.999
1970.0,2284.97
6588.519155,5950.499
2982.0,3507.548
4551.0,3520.0874
5012.0,5222.2666
3821.0,3556.1711
755.0,1056.6279
4849.0,4808.645
7353.888026,6908.7476
3689.40997,2936.521
2466.0,2954.4153
4460.227917,4365.3813
3521.0,3907.754
2584.0,3578.5142
3886.0,4704.1265
1207.0,1420.6621
9642.0,7674.9463
5729.182016,5135.407
4063.0,4869.324
3821.437835,3295.4644
5118.0,5483.0615
3914.0,4838.765
1827.0,1943.5771
1668.499753,1390.7924
10187.0,9970.862
7958.993156,12277.244
4331.0,2496.4639
8449.392338,7974.253
2012.0,2179.4688
1699.0,1821.9362
4834.0,3508.7156
7982.0,9556.818
11291.0,11073.447
3968.0,3188.1755
3301.0,3150.8567
2391.0,4230.279
9986.0,11794.56
8145.0,7661.8345
2985.163696,2841.3757
6472.0,6395.716
5569.695384,4372.222
3653.0,4271.096
4250.002733,3807.941
2866.0,3244.1858
6488.0,8270.919
14845.0,12855.679
17874.363059,17872.621
5534.0,6313.2236
10503.0,6343.5835
17802.616254,16176.925
9793.044545,9457.901
1123.0,1304.9121
1283.965129,1397.0671
1436.0,1109.3447
2406.0,2140.9539
2664.802341,2853.8281
1553.0,1594.1918
6623.0,6036.2427
1145.0,1342.0619
1644.0,1431.8444
3155.0,2345.544
6991.0,5909.3647
4060.0,3370.537
3634.0,3775.4675
9220.925667,10293.928
1083.0,1299.8414
4472.104266,4969.2505
1332.0,1416.4635
2123.0,2795.217
6379.0,5826.6855
2576.0,1672.7233
4409.034015,5533.693
2678.0,2874.5574
8295.0,7194.7993
5123.0,3658.2832
7340.0,5921.593
5160.341839,4294.6685
4382.0,4444.958
8953.0,10347.487
2450.0,3425.7395
3254.0,2541.157
5729.0,5256.8716
1223.0,1423.7673
3881.605255,3971.4778
8773.0,9292.549
5644.020407,3840.7637
3366.0,3173.444
4061.342236,3984.5522
5599.0,5523.403
1969.0,2378.2153
2197.0,1527.5461
4672.0,3938.5078
1541.64064,1817.5553
4820.0,4379.9443
3338.0,3637.5117
11436.0,12053.978
4722.762842,4591.166
5235.0,4155.707
5467.010135,4102.8286
4355.0,3915.5005
1633.0,1392.569
4457.741774,4040.1172
7312.0,7409.163
3480.0,3088.8606
6755.0,7133.4736
10170.0,10466.682
11730.0,14094.633
1496.0,1409.1399
3286.0,3497.1
1114.0,1257.2346
6018.0,5233.9365
4665.0,4928.45
1465.0,1641.1635
10267.0,10586.684
11872.0,7752.3726
4271.0,4082.3425
13470.0,10096.425
8141.0,7110.758
1390.0,1340.5414
3322.0,6431.8623
3427.0,3531.1797
3180.0,3452.3542
1162.0,1253.0627
17150.927364,19270.521
6344.0,3702.6204
1611.049464,1935.9799
1197.0,1578.3386
2637.0,2732.0383
2782.0,3315.0364
1814.402097,2208.4194
2827.0,4464.112
3439.0,3005.1636
3463.0,4590.142
6756.0,8049.493
2042.0,1984.4785
2669.0,2442.835
3145.893596,4788.46
3807.613954,4244.819
6094.0,5523.713
1839.0,2072.83
4509.995829,4913.4673
3614.0,4527.375
2937.0,4574.8633
2654.321236,3431.4126
7650.0,5771.432
1969.0,4294.503
9609.0,9889.304
1522.0,1721.4977
7403.0,6629.3647
1545.651784,1483.4379
4152.0,3810.6438
4392.0,4774.1187
6699.367383,6972.7227
5480.0,4854.0933
963.926947,1519.2021
2761.80749,2863.6313
8900.0,8257.827
2686.0,2798.2866
3579.0,3730.983
2165.0,3261.8093
2378.0,1765.8035
2603.0,2696.811
3732.0,3498.6973
2559.0,3597.7515
2086.590926,2070.312
2577.0,3024.7524
14625.0,13297.693
2062.0,2083.5156
2351.0,2730.8066
1289.0,1259.679
2804.521915,3070.3608
5472.0,6088.8203
994.545453,1523.9359
3191.0,2604.5247
5968.0,5602.81
994.0,1356.1384
11100.0,10463.951
5494.017927,4557.142
1139.0,1286.6711
1052.0,1261.1711
9064.295104,11587.243
2973.0,3797.875
4482.0,3457.0508
9512.030301,3719.9966
21229.0,15593.479
2029.318981,2752.614
2280.0,2461.679
9469.996666,7379.797
2450.0,2804.388
2378.045662,7061.3545
9790.0,10770.101
2532.614829,2925.0461
1428.0,1294.1262
8961.324578,6419.0576
4319.0,4819.956
5915.0,5576.953
2719.0,2867.5032
2890.0,3007.5237
2064.0,2851.3745
2313.0,2670.5522
8992.508777,9503.432
4993.0,5914.301
3887.0,4266.042
8423.0,6907.4844
14326.0,13338.916
13994.0,12673.114
13238.0,13435.231
1882.0,1921.0203
3010.0,3055.5708
2794.0,2929.5322
4363.0,4111.2217
4596.0,4522.0654
5160.0,4910.328
5201.48757,4219.927
3019.0,4071.2227
5255.0,4686.9766
7042.0,5995.4106
1977.0,2366.8809
1703.0,1869.3724
3863.0,2846.728
5605.554234,5740.4873
3622.508425,3697.2507
554.0,835.9378
15715.0,18350.574
5443.0,5474.8315
11605.838043,9017.088
3281.109067,4314.9087
2626.0,3791.5828
1670.0,2114.808
3676.000192,4787.3174
4337.0,3890.7944
11390.0,9073.506
3417.0,3683.7708
3464.0,3899.5327
3764.0,4309.207
12899.0,11738.955
1461.0,1496.6635
1655.804352,2933.233
867.0,1023.78406
5037.0,6221.7744
6672.0,7535.542
6384.0,6099.056
16591.0,16950.035
3487.0,4424.6157
3407.0,5271.591
6294.0,6638.0186
5313.0,4861.0244
3318.30539,3054.8496
1334.0,1158.4049
7204.0,7653.315
7515.152029,7063.9873
4248.0,3851.7415
1450.116198,1716.6375
4172.668877,3926.1653
3811.0,4546.82
5938.0,5324.3066
3156.094675,3273.9614
5095.0,4885.944
7648.0,8556.727
2356.0,1747.7002
5163.0,5263.2017
941.172941,1068.0488
5889.39304,3580.5671
3759.0,3224.3044
5519.0,6155.241
6025.0,5141.759
2742.0,2947.4858
5906.0,4973.6562
3261.238034,3342.6543
7424.0,5982.964
2467.950784,2390.4854
1268.0,1128.6907
3650.0,4027.039
2576.0,2242.2844
1821.018941,1882.5778
2299.0,2670.0059
20398.0,16648.166
1827.0,2130.102
3562.0,4385.8794
2274.0,2538.6235
3579.0,4071.9028
4967.0,4855.757
1887.106104,2249.7603
5369.0,5743.88
6465.0,7016.746
5911.0,6271.4087
8643.0,9339.83
1627.0,2054.499
4976.0,4495.407
2268.0,2878.5325
4095.0,4314.0654
8573.0,9373.966
2965.0,2772.565
1214.0,1690.1848
11626.0,9630.584
4502.20251,4361.1426
1483.0,1295.4492
6271.0,7057.2524
2358.0,3876.7148
2760.502711,3458.2078
1175.0,1238.3063
2993.0,2754.526
4235.0,3867.9778
3240.0,4218.5176
3512.0,3544.5781
728.0,1263.5337
7644.0,7516.921
5513.041092,3941.2036
2109.0,1821.9121
1492.0,1775.3184
8171.0,7866.204
2604.501181,2062.8083
3383.479427,4687.5723
2756.0,3277.179
3459.0,6183.1514
4087.987132,4948.7275
4862.0,4647.4854
2514.0,3053.0735
7618.278601,5022.3276
6896.0,5630.979
3304.0,3793.3345
1324.0,1510.6095
2747.99832,2928.1929
3922.0,4315.666
1605.0,1351.1908
4641.084279,4054.8152
1881.87684,1430.2654
3751.0,3508.7156
1345.0,1941.277
2050.973605,2319.8767
1155.0,1155.2546
10669.0,7739.923
7411.0,6736.9727
7777.0,7926.501
6999.461082,7269.1836
5857.0,6397.0415
4220.0,4452.491
4545.0,4310.0835
8919.0,9722.805
3423.0,3768.2168
1608.0,2312.673
4626.0,4833.608
5578.036555,6493.1484
12976.0,12004.629
2802.0,3168.2642
3600.0,4601.85
11867.0,9098.414
4126.0,3532.482
6059.0,5414.468
3500.0,3641.4102
7004.0,7254.2603
1078.0,1355.036
7699.0,8501.867
6488.160741,6346.856
6915.383842,7073.003
5133.0,6633.7695
3920.0,4311.8765
10652.287158,13837.575
2280.035481,2530.5679
3373.0,3513.0833
1467.381464,1693.0328
6839.0,6313.1616
5367.0,5281.007
5788.186885,6072.5615
3290.0,4092.1199
3909.003223,2780.8896
3676.0,4046.661
4306.0,4081.85
1590.0,2578.8936
7230.0,6179.456
8480.0,6301.06
12714.47956,11874.559
7021.050592,6969.712
4170.0,4471.282
4677.318952,4654.3022
3489.991739,3591.0073
5724.0,6590.8936
6208.647381,5297.456
1275.0,2511.8157
27528.0,16084.909
1786.0,2135.485
1342.43733,1750.2305
3439.423198,3282.892
1683.0,1404.8889
2085.0,2282.006
4067.0,3092.1248
3613.0,3596.0762
660.0,732.97437
6751.0,7774.677
1590.0,1943.9199
3300.769236,3162.7803
1214.903947,1327.948
1463.0,1795.7969
4068.0,4168.2134
5020.0,4519.203
1197.0,1312.8634
4299.0,5295.5264
5359.0,6790.694
12236.0,11446.874
11695.0,10718.71
7182.0,5546.422
5398.0,5188.419
2268.0,3457.1938
8212.0,8952.669
1797.0,2189.273
12506.754654,11010.05
11268.251788,8980.096
8087.103123,6156.4956
2721.0,2736.6482
1460.363722,1424.8855
1079.0,1394.029
1839.0,2257.684
2066.0,1680.6389
5311.0,4654.372
2453.366491,2840.5415
12303.0,11851.507
10811.0,11080.164
14921.0,8197.619
1966.0,2846.1082
13180.0,14139.534
2905.623601,2847.3823
1176.0,1382.017
756.0,837.7223
4119.674606,2824.332
2074.0,2614.7856
1478.0,2289.7664
5104.0,5757.994
3895.321732,3828.191
20532.0,18997.271
1303.035118,1661.5189
8454.0,8291.604
3236.351163,4206.252
6050.0,4486.2666
6009.0,5993.706
2329.0,2548.466
3128.0,2904.7207
5018.0,3373.485
3166.006965,3214.8772
3906.0,4002.0098
1903.0,1674.0902
2712.251987,3111.275
5659.0,4876.815
3048.0,2777.746
1056.0,1349.9714
1486.0,1763.7727
7514.337498,7431.603
3246.0,2718.1067
6864.0,6004.949
3177.0,4454.457
6453.0,6416.4927
878.0,1204.0823
8398.0,9845.405
1247.0,923.38025
5001.768015,4701.672
7643.0,9440.048
9818.0,11303.874
5621.574747,4248.5166
1603.065706,3108.698
5177.0,4333.298
1215.0,1423.7673
3504.0,3869.8542
2355.0,3077.1938
3624.0,3491.3047
4497.280518,3964.5793
2402.0,2846.232
5081.0,3531.5852
6634.91662,6007.626
8158.352228,9248.917
3420.0,3425.8704
14397.199703,1192.2152
6764.520215,3497.9883
3091.0,3834.1128
12100.0,10710.315
4688.0,6864.143
2440.0,3535.7407
1761.300097,2277.731
1758.944708,2039.4069
1218.0,892.69824
2036.0,2261.7502
3134.0,3106.174
3363.0,2970.2798
2604.17136,2422.3762
7754.0,7881.8115
2188.0,2823.631
4023.0,4286.384
4576.693789,3999.0593
3260.0,3921.142
6305.477326,4023.6062
6330.0,9849.725
2031.0,1921.1328
4038.964901,3909.6992
1364.0,1494.0338
5280.0,5462.9414
5077.0,5229.6978
8870.0,10975.007
2558.780083,3368.1282
6397.470118,5765.2954
2083.0,2814.2202
17621.0,18516.594
973.793028,1487.3447
9070.144055,9529.828
9208.0,8202.846
10092.0,10680.484
931.223674,1340.4423
6312.392201,6859.837
20.526224,3489.362
4886.0,4845.1807
1695.0,2219.9128
5847.69193,6098.566
1145.0,1421.7812
956.0,1069.4984
4169.0,3900.261
3397.0,3127.842
3437.0,3156.776
18782.0,18295.271
7024.0,7167.904
3599.0,4541.8086
3217.0,3505.847
3276.0,3184.1067
10996.589272,11670.011
8043.0,8935.654
5524.0,5105.42
1437.0,2057.9673
4989.01428,5041.9087
1588.0,1900.3235
7685.269743,8541.653
9062.0,9611.978
1996.0,1944.15
10725.0,10843.984
3729.0,4109.0
2994.0,2872.9507
1210.0,1290.7227
6236.0,4740.1104
2331.558158,2753.7605
1766.0,1614.7383
2205.731109,2732.3376
4163.609195,4597.162
4616.0,4494.283
2892.0,3024.3154
8095.0,9087.02
4175.11095,6102.9756
9447.63767,9550.128
1277.0,1679.2239
4506.0,4320.251
12154.0,11307.916
2148.0,2375.5652
3220.0,5918.749
4742.0,4549.6807
2670.0,2855.9282
3766.0,4963.542
3467.0,3389.6458
4631.972179,4700.7046
4530.0,5880.606
4499.0,5737.2437
6521.0,5920.6733
10907.621608,10313.83
2060.154618,2049.648
4848.0,4269.048
3955.0,6300.834
6522.111992,7214.242
2327.044549,2235.051
6195.0,10908.133
4937.0,4940.161
7265.008545,4794.9756
3010.0,2953.7417
3558.850408,3264.9185
3379.0,3129.6992
4774.0,5845.005
1184.0,1342.27
1338.0,1590.7147
3696.0,4631.8477
6357.859229,5473.625
5410.0,6439.5117
6837.0,5773.451
14457.0,16176.385
1646.0,1486.403
3294.0,3859.6125
2982.0,3067.1377
8743.0,8631.259
1860.0,1639.4238
8995.0,6305.8228
10822.8291,12771.294
7446.0,7480.428
5523.0,5624.948
1617.0,1354.8105
6502.487885,8576.807
14405.0,11119.925
1992.0,1402.5426
6697.0,6347.624
6028.0,6421.1387
1161.029666,2319.4214
5371.897339,5396.05
5270.0,5035.471
368.688549,1000.71814
11527.0,12796.03
5586.0,2714.7642
3548.0,3506.584
11481.138775,11960.974
12055.303738,11292.5205
2156.0,2110.4443
3087.123145,3699.2163
6891.0,9757.194
4612.0,5225.8887
2590.0,2235.4104
5384.0,5822.5264
4154.32922,3395.2651
2281.0,2676.0913
6599.659538,6227.4565
11242.849652,9626.528
5336.24952,3697.5496
2414.0,2853.6543
5504.609086,6061.1274
5907.0,5626.2397
6835.786603,11406.941
3901.0,2739.3208
2377.0,2415.8638
1605.0,1413.3704
3662.0,3809.4312
4412.0,5412.4424
1281.374415,1872.8969
3526.0,3804.9492
4217.0,3719.1743
4098.09306,6068.5195
3794.351174,4083.504
2924.0,2635.2087
3918.0,3963.61
7727.0,6000.4463
3641.0,3416.2156
2879.0,3675.957
1961.0,3013.1392
5221.0,5438.722
4949.0,4944.365
11023.0,11862.856
3742.0,3435.2527
3037.0,3067.5806
4236.0,5615.3315
3432.0,3616.733
722.4458,828.30585
4100.0,4815.7085
15971.0,15056.172
5744.0,4927.1226
2562.782968,2560.3877
814.0,1036.862
7173.0,6293.169
3299.0,3217.659
6197.0,6526.157
11019.107759,11538.58
5430.0,6627.47
10238.658125,9878.362
5598.953575,6215.09
2543.0,2164.3767
3825.0,4912.4595
6048.357672,4767.1626
4491.873235,4522.2686
7451.411531,7304.341
5196.0,4781.7554
1433.584201,1999.6074
3037.0,2615.2632
16177.0,16919.682
7726.0,6597.958
1958.0,952.3545
5501.089124,5603.517
5648.0,3835.278
11067.86347,11037.178
2608.0,2484.655
844.0,1040.391
3483.0,3876.7961
3561.680076,2805.5708
5693.0,5834.986
6763.0,7315.536
4716.0,4184.885
2301.0,2535.758
1614.0,1242.4592
3345.0,4879.6304
9020.0,6738.1226
5454.0,5597.542
2800.0,2999.9968
4963.0,4086.4758
2737.0,3216.1355
2566.0,2964.6348
16042.0,15552.8545
13276.0,13677.854
1396.445385,1388.8561
7171.0,6695.513
1162.0,1103.2118
1705.437067,2020.2698
1754.0,1990.6836
5979.0,5807.9883
3296.0,3349.6758
6791.0,5844.75
9684.0,9501.826
3461.0,3979.2915
3500.0,3391.7617
4100.0,5308.7515
3907.447037,3319.743
9027.848088,9375.016
5461.995304,5335.251
13538.0,4669.3203
3475.0,2963.1719
3306.0,3530.9167
2183.0,2373.231
3653.0,4368.4956
3518.559494,3659.7805
2049.0,1666.8842
2465.309731,3163.2676
4612.0,4600.8096
2519.0,2465.8738
4836.0,5745.43
1999.0,1970.8148
4277.0,4808.943
1194.002,1337.2332
1891.0,1800.0898
2229.0,2691.088
4937.0,4512.2705
2636.0,2730.1448
2205.0,2046.3939
2852.0,3127.1335
7957.0,8438.33
1358.0,1860.9215
1620.711738,1605.5574
23589.0,18703.545
2313.461132,3035.8
7192.278656,4273.357
2867.897072,2800.0425
4020.0,4394.1743
10694.0,8771.791
6850.0,6994.221
3856.0,4586.909
1886.0,1970.114
5577.001,6520.965
3571.680245,3503.272
3152.0,4494.8706
4368.0,4513.589
11411.705605,9347.112
2408.0,3069.6958
4291.50546,3924.332
1082.0,1269.0056
9801.0,12306.337
6180.0,7293.8857
10501.160682,11011.019
2513.90031,3238.6863
15931.0,15662.576
854.0,1705.8203
2543.0,3392.7085
8551.0,5514.0884
4336.0,5667.585
4787.448871,4421.8525
5089.0,4698.679
7388.0,7582.6523
3654.0,2826.1003
2660.0,2724.634
7580.0,5902.8945
3010.0,3561.9282
6910.335637,6051.253
6605.0,4373.9766
5945.0,5968.806
1068.0,1385.9681
3519.0,2607.4302
5034.0,5283.1436
2062.0,2634.6162
3503.0,3462.1694
8974.931495,7158.1104
8332.0,9178.645
3267.0,3419.7844
2770.594085,3422.707
5057.0,5718.8
9159.0,8134.6616
2554.0,3777.0679
7091.0,6055.004
11929.0,10813.748
4551.0,4629.471
1902.453489,1371.1926
13476.0,11423.404
2304.920612,1840.7074
6681.0,7026.0093
2972.0,3160.3528
5021.0,3589.3914
6007.0,5352.5835
2774.0,4748.761
1348.0,1237.2916
2636.0,2823.1023
4598.416209,2147.8452
5214.0,5797.7886
4580.0,4007.5364
3627.0,4185.064
12354.0,14725.31
7115.0,6316.887
8096.0,7615.548
11797.0,14094.633
861.175713,1310.0457
3050.0,3498.1187
1412.0,1256.6473
2652.0,2959.9377
3956.0,4830.3735
7013.0,7756.4897
4315.008871,4002.3374
2967.111429,1605.0808
4483.676356,3045.649
11810.689994,11804.734
2203.0,2154.2954
7543.805276,7018.458
12248.573661,11397.643
5251.0,4794.6924
3687.0,2886.1748
12062.491259,12611.332
2827.0,3125.3599
5096.0,4996.1187
10410.0,8853.816
11210.966304,7711.7173
15350.0,17259.984
